/*
Navicat MySQL Data Transfer

Source Server         : local
Source Server Version : 50505
Source Host           : localhost:3306
Source Database       : api

Target Server Type    : MYSQL
Target Server Version : 50505
File Encoding         : 65001

Date: 2018-05-11 16:46:00
*/

SET FOREIGN_KEY_CHECKS=0;

-- ----------------------------
-- Table structure for migrations
-- ----------------------------
DROP TABLE IF EXISTS `migrations`;
CREATE TABLE `migrations` (
  `id` int(10) unsigned NOT NULL AUTO_INCREMENT,
  `migration` varchar(191) COLLATE utf8mb4_unicode_ci NOT NULL,
  `batch` int(11) NOT NULL,
  PRIMARY KEY (`id`)
) ENGINE=InnoDB AUTO_INCREMENT=5 DEFAULT CHARSET=utf8mb4 COLLATE=utf8mb4_unicode_ci;

-- ----------------------------
-- Records of migrations
-- ----------------------------
INSERT INTO `migrations` VALUES ('1', '2014_10_12_000000_create_users_table', '1');
INSERT INTO `migrations` VALUES ('2', '2014_10_12_100000_create_password_resets_table', '1');
INSERT INTO `migrations` VALUES ('3', '2018_05_11_081114_create_products_table', '1');
INSERT INTO `migrations` VALUES ('4', '2018_05_11_082625_create_reviews_table', '1');

-- ----------------------------
-- Table structure for password_resets
-- ----------------------------
DROP TABLE IF EXISTS `password_resets`;
CREATE TABLE `password_resets` (
  `email` varchar(191) COLLATE utf8mb4_unicode_ci NOT NULL,
  `token` varchar(191) COLLATE utf8mb4_unicode_ci NOT NULL,
  `created_at` timestamp NULL DEFAULT NULL,
  KEY `password_resets_email_index` (`email`)
) ENGINE=InnoDB DEFAULT CHARSET=utf8mb4 COLLATE=utf8mb4_unicode_ci;

-- ----------------------------
-- Records of password_resets
-- ----------------------------

-- ----------------------------
-- Table structure for products
-- ----------------------------
DROP TABLE IF EXISTS `products`;
CREATE TABLE `products` (
  `id` int(10) unsigned NOT NULL AUTO_INCREMENT,
  `name` varchar(191) COLLATE utf8mb4_unicode_ci NOT NULL,
  `detail` text COLLATE utf8mb4_unicode_ci NOT NULL,
  `price` int(11) NOT NULL,
  `stock` int(11) NOT NULL,
  `discount` int(11) NOT NULL,
  `created_at` timestamp NULL DEFAULT NULL,
  `updated_at` timestamp NULL DEFAULT NULL,
  PRIMARY KEY (`id`)
) ENGINE=InnoDB AUTO_INCREMENT=51 DEFAULT CHARSET=utf8mb4 COLLATE=utf8mb4_unicode_ci;

-- ----------------------------
-- Records of products
-- ----------------------------
INSERT INTO `products` VALUES ('1', 'qui', 'Accusamus adipisci quod dolores aspernatur odio. Vero est atque incidunt ipsa. Pariatur similique consequatur incidunt iusto. Odit quasi nisi id blanditiis iste officia. Excepturi deleniti velit accusamus quae.', '452', '3', '25', '2018-05-11 09:38:39', '2018-05-11 09:38:39');
INSERT INTO `products` VALUES ('2', 'excepturi', 'Repellat quo voluptatem iure perferendis asperiores quaerat sunt sit. Omnis ad quia molestias rerum mollitia odio et. Corporis reiciendis adipisci molestias ut neque. Recusandae aut ex vero doloremque voluptates.', '266', '8', '17', '2018-05-11 09:38:39', '2018-05-11 09:38:39');
INSERT INTO `products` VALUES ('3', 'sequi', 'Aliquam sed ipsa qui quia earum. Aut porro sit doloribus consequatur. Nemo voluptatem dignissimos placeat. Ut et voluptatem ut maxime corporis deserunt quas.', '878', '7', '28', '2018-05-11 09:38:39', '2018-05-11 09:38:39');
INSERT INTO `products` VALUES ('4', 'voluptas', 'Ratione rerum natus alias autem sed ab dolor aut. Qui sed hic inventore aut non ab est tempora. Rem est nobis nisi eveniet molestias et qui.', '195', '7', '11', '2018-05-11 09:38:39', '2018-05-11 09:38:39');
INSERT INTO `products` VALUES ('5', 'ut', 'Qui ut quidem ex sunt sit. Repudiandae nesciunt cupiditate eum deserunt sed saepe mollitia facere. Necessitatibus facilis quae cumque nam debitis nemo autem voluptatem. Ipsa velit omnis maxime voluptatibus at exercitationem consectetur.', '326', '8', '4', '2018-05-11 09:38:39', '2018-05-11 09:38:39');
INSERT INTO `products` VALUES ('6', 'doloribus', 'Pariatur voluptatibus illum rerum molestiae quasi. Nobis dolor aliquid accusantium. Harum dolorum qui pariatur dolore. Deserunt aliquam et sit autem perferendis voluptas exercitationem. Repellendus sed nam numquam.', '704', '1', '30', '2018-05-11 09:38:39', '2018-05-11 09:38:39');
INSERT INTO `products` VALUES ('7', 'eligendi', 'Dolores est ut magnam. Et et beatae debitis sed. Voluptates et iste velit quis ut voluptatem.', '611', '4', '13', '2018-05-11 09:38:40', '2018-05-11 09:38:40');
INSERT INTO `products` VALUES ('8', 'aperiam', 'Corrupti molestiae necessitatibus totam velit. Et excepturi sunt non dolor sunt eaque. Totam distinctio iusto cumque. Quas nisi eligendi porro velit ad. Nihil excepturi eligendi occaecati ullam.', '189', '8', '23', '2018-05-11 09:38:40', '2018-05-11 09:38:40');
INSERT INTO `products` VALUES ('9', 'et', 'Est aut magnam unde inventore blanditiis dolorem consequatur quo. Veniam molestiae assumenda non. Consequatur rerum illum et dolores dignissimos.', '262', '5', '11', '2018-05-11 09:38:40', '2018-05-11 09:38:40');
INSERT INTO `products` VALUES ('10', 'nulla', 'Porro soluta voluptates maiores dicta. Sed dolorem minima magni corrupti dolor voluptas. Consequatur impedit reprehenderit est. Asperiores nobis animi alias rerum nihil fugit excepturi.', '353', '5', '10', '2018-05-11 09:38:40', '2018-05-11 09:38:40');
INSERT INTO `products` VALUES ('11', 'minima', 'Ea voluptas ab et animi. Officiis consequuntur porro sunt aut. Rerum cumque sed animi cupiditate ab voluptatum sed. Harum sit accusamus ea ea totam perspiciatis.', '298', '7', '14', '2018-05-11 09:38:40', '2018-05-11 09:38:40');
INSERT INTO `products` VALUES ('12', 'perspiciatis', 'Doloremque quae maiores provident consequatur placeat autem quibusdam. Fugit eos adipisci suscipit est excepturi. Eum dignissimos pariatur eos voluptas vero omnis labore. Provident hic sit maiores illum.', '617', '1', '13', '2018-05-11 09:38:40', '2018-05-11 09:38:40');
INSERT INTO `products` VALUES ('13', 'molestias', 'Quaerat id et sit commodi ut. Tenetur maiores vel sunt quas inventore quas vero. Quia quis rerum dignissimos officia id. Aut culpa neque et quaerat dolorum.', '479', '7', '5', '2018-05-11 09:38:40', '2018-05-11 09:38:40');
INSERT INTO `products` VALUES ('14', 'odit', 'Repellendus et officiis qui omnis. Possimus repellendus ratione qui expedita nihil sit quod. Id aut rem officia quam in.', '529', '8', '3', '2018-05-11 09:38:40', '2018-05-11 09:38:40');
INSERT INTO `products` VALUES ('15', 'culpa', 'Deserunt consequatur ratione et. Vitae sit eos aut similique adipisci. Excepturi id deleniti culpa ex ut labore id consequatur. Fugiat aut perferendis voluptas hic laudantium. Ut necessitatibus illo ut distinctio incidunt eveniet.', '337', '1', '3', '2018-05-11 09:38:40', '2018-05-11 09:38:40');
INSERT INTO `products` VALUES ('16', 'assumenda', 'Et quo est ut qui ducimus dolores. Soluta qui nam numquam non. Eligendi exercitationem praesentium autem voluptas.', '511', '9', '2', '2018-05-11 09:38:40', '2018-05-11 09:38:40');
INSERT INTO `products` VALUES ('17', 'iusto', 'Consequatur amet praesentium est animi. Cumque voluptatum aut ducimus saepe cumque. Et deserunt odio numquam quibusdam beatae. Nobis non id et dolores.', '465', '3', '29', '2018-05-11 09:38:40', '2018-05-11 09:38:40');
INSERT INTO `products` VALUES ('18', 'vel', 'Sapiente veniam ut numquam repellat. Et amet accusantium sit voluptatibus exercitationem voluptatibus. Temporibus est modi quisquam modi quia aut. Repellendus illum consectetur repellendus magni dolorem ullam. Et quo dolores qui quibusdam labore laboriosam fugit blanditiis.', '448', '9', '18', '2018-05-11 09:38:40', '2018-05-11 09:38:40');
INSERT INTO `products` VALUES ('19', 'necessitatibus', 'Sapiente repudiandae nam error nam harum suscipit reiciendis. Labore sed veritatis voluptatem voluptas. Occaecati tenetur ut accusamus harum porro.', '209', '6', '16', '2018-05-11 09:38:40', '2018-05-11 09:38:40');
INSERT INTO `products` VALUES ('20', 'quasi', 'Eveniet assumenda ipsam earum maiores quaerat nulla similique debitis. Ut quaerat quis assumenda. Deserunt aut ducimus et ea ratione. Quo nemo aut et enim. Numquam maiores qui rem omnis.', '528', '2', '15', '2018-05-11 09:38:40', '2018-05-11 09:38:40');
INSERT INTO `products` VALUES ('21', 'quae', 'Incidunt consequatur impedit perferendis animi illo. Magni sapiente consequatur et modi rerum ut consequatur. Quia quas voluptatibus sed labore voluptates explicabo quis. Sequi pariatur ullam qui animi repudiandae in veniam.', '967', '4', '11', '2018-05-11 09:38:40', '2018-05-11 09:38:40');
INSERT INTO `products` VALUES ('22', 'mollitia', 'Eos facere consequatur nemo est laborum nemo. Corrupti quia et sequi. Aut provident possimus rerum animi. Et neque debitis esse nihil asperiores ut.', '911', '3', '22', '2018-05-11 09:38:40', '2018-05-11 09:38:40');
INSERT INTO `products` VALUES ('23', 'mollitia', 'Quia reiciendis modi cupiditate. Adipisci cupiditate veritatis ab nam aut debitis consequatur facere. Porro dolore dolor minus architecto inventore aut saepe.', '785', '8', '14', '2018-05-11 09:38:40', '2018-05-11 09:38:40');
INSERT INTO `products` VALUES ('24', 'sit', 'Ut id est tempora repudiandae commodi. Non est blanditiis doloremque sit dolore.', '244', '0', '5', '2018-05-11 09:38:40', '2018-05-11 09:38:40');
INSERT INTO `products` VALUES ('25', 'dolor', 'Ut ut et quos est temporibus laudantium. Eum eum unde odit voluptate. Minus fuga excepturi nihil impedit sint libero.', '823', '6', '17', '2018-05-11 09:38:40', '2018-05-11 09:38:40');
INSERT INTO `products` VALUES ('26', 'eos', 'Voluptas maiores saepe rerum enim voluptatem. Ipsum et dolores ea et. Libero quo aperiam perspiciatis omnis doloremque non.', '954', '8', '2', '2018-05-11 09:38:40', '2018-05-11 09:38:40');
INSERT INTO `products` VALUES ('27', 'asperiores', 'Fugit rem fugiat quidem tempore voluptate accusantium ut. Rerum totam ea officia voluptatem rerum.', '650', '1', '3', '2018-05-11 09:38:40', '2018-05-11 09:38:40');
INSERT INTO `products` VALUES ('28', 'aut', 'At voluptate atque enim quia. Quia est aspernatur culpa quo inventore veniam dolorem velit. Nam magni quam aut veniam ut.', '800', '1', '25', '2018-05-11 09:38:40', '2018-05-11 09:38:40');
INSERT INTO `products` VALUES ('29', 'sed', 'Non suscipit labore quod consequatur qui vitae nesciunt. Optio velit ad nostrum qui qui et commodi voluptas. Maxime quasi quos illo vero quos hic. Ratione fugiat distinctio et voluptatem officia nam.', '436', '2', '4', '2018-05-11 09:38:40', '2018-05-11 09:38:40');
INSERT INTO `products` VALUES ('30', 'ut', 'Voluptatum quidem vero est. Officia fugiat cum dolorem quia. Ex quaerat omnis pariatur est consequuntur eos. Cum enim ea quidem aut.', '894', '2', '9', '2018-05-11 09:38:40', '2018-05-11 09:38:40');
INSERT INTO `products` VALUES ('31', 'excepturi', 'Dolor nam qui earum aliquam. Totam quaerat assumenda ex quibusdam. Autem sapiente nisi reprehenderit doloremque exercitationem.', '553', '5', '22', '2018-05-11 09:38:40', '2018-05-11 09:38:40');
INSERT INTO `products` VALUES ('32', 'cupiditate', 'Eos repellendus cupiditate alias labore consequatur omnis magni. Nostrum molestiae consequuntur sed dolorem fugiat et. Ad explicabo error et quia aspernatur quam voluptatibus.', '534', '0', '26', '2018-05-11 09:38:40', '2018-05-11 09:38:40');
INSERT INTO `products` VALUES ('33', 'ipsa', 'Placeat tempora consectetur sunt at facere esse consequuntur. Molestiae asperiores recusandae quia sed eos mollitia. Quas qui temporibus assumenda exercitationem nihil voluptatem. Id quaerat perferendis ipsam perferendis et itaque occaecati.', '937', '1', '25', '2018-05-11 09:38:40', '2018-05-11 09:38:40');
INSERT INTO `products` VALUES ('34', 'sunt', 'Mollitia velit sint culpa ea commodi. Sed optio nulla pariatur aut voluptatem consequatur est. Consequatur soluta adipisci neque saepe est consequatur perferendis. Consequuntur mollitia nisi laboriosam vitae nostrum natus earum.', '783', '1', '25', '2018-05-11 09:38:40', '2018-05-11 09:38:40');
INSERT INTO `products` VALUES ('35', 'odit', 'Aut et qui quae quia. Quis nemo necessitatibus magnam rem et qui aperiam.', '498', '1', '22', '2018-05-11 09:38:40', '2018-05-11 09:38:40');
INSERT INTO `products` VALUES ('36', 'nesciunt', 'Et nesciunt voluptatem rem amet a inventore. Libero aspernatur temporibus recusandae. Excepturi quam exercitationem harum reiciendis asperiores sit.', '773', '4', '3', '2018-05-11 09:38:40', '2018-05-11 09:38:40');
INSERT INTO `products` VALUES ('37', 'voluptatem', 'Aut asperiores facere placeat. Consequatur est expedita ad qui vel. Illum facere dolorem ex magnam. Natus a a itaque laudantium.', '992', '0', '3', '2018-05-11 09:38:41', '2018-05-11 09:38:41');
INSERT INTO `products` VALUES ('38', 'voluptatem', 'Illum est tempore optio est. Sed commodi magnam et quia magni quaerat natus. Nisi recusandae repellendus neque rem aliquam. Ut dolorem ab architecto officiis consectetur praesentium.', '611', '9', '20', '2018-05-11 09:38:41', '2018-05-11 09:38:41');
INSERT INTO `products` VALUES ('39', 'sunt', 'Illum eos sit vero sunt aliquid eaque nam quos. A sed corrupti velit. Et assumenda dolor fugiat unde labore.', '343', '6', '7', '2018-05-11 09:38:41', '2018-05-11 09:38:41');
INSERT INTO `products` VALUES ('40', 'voluptas', 'Ut impedit et qui voluptatum est quia voluptatem. Quis excepturi dolorem maiores nostrum ut aut.', '1000', '2', '27', '2018-05-11 09:38:41', '2018-05-11 09:38:41');
INSERT INTO `products` VALUES ('41', 'cumque', 'Quia eos at praesentium cum. Inventore aut mollitia aut laudantium aut. Ad maxime quia nemo dolores nostrum facere at. Ipsum nobis at nemo sed.', '332', '5', '21', '2018-05-11 09:38:41', '2018-05-11 09:38:41');
INSERT INTO `products` VALUES ('42', 'laudantium', 'Nulla occaecati id quod delectus eligendi quo. Aliquam aut iure et officia quo quas ea. Qui at veniam et. Sit officia sed et voluptas nostrum sit. Et quia sed similique nostrum a.', '280', '5', '4', '2018-05-11 09:38:41', '2018-05-11 09:38:41');
INSERT INTO `products` VALUES ('43', 'autem', 'Blanditiis in sit non. Repellat hic eos adipisci sint et officiis accusantium. Et odit molestiae ipsam incidunt dolores.', '844', '8', '4', '2018-05-11 09:38:41', '2018-05-11 09:38:41');
INSERT INTO `products` VALUES ('44', 'maiores', 'Est eligendi dolorum est quam quam assumenda. Repellendus illum aut reprehenderit amet quia corrupti. Rem repudiandae culpa commodi accusamus nulla nesciunt voluptatem. Voluptatibus magni ut officiis sunt qui perspiciatis.', '668', '6', '12', '2018-05-11 09:38:41', '2018-05-11 09:38:41');
INSERT INTO `products` VALUES ('45', 'fugiat', 'Esse rerum magni vitae dolore natus quia error quis. Incidunt id accusamus atque error. Repellat occaecati totam vitae quia voluptatem aut quo impedit.', '296', '8', '11', '2018-05-11 09:38:41', '2018-05-11 09:38:41');
INSERT INTO `products` VALUES ('46', 'ad', 'At fuga nisi hic amet eum dolorem sit. Et corporis magnam consequuntur deserunt saepe qui. Dolores sint exercitationem eum excepturi quia consequuntur.', '669', '0', '10', '2018-05-11 09:38:41', '2018-05-11 09:38:41');
INSERT INTO `products` VALUES ('47', 'sit', 'Qui qui laudantium enim suscipit sit dicta nisi hic. Asperiores inventore repellat dolorem adipisci porro.', '191', '4', '30', '2018-05-11 09:38:41', '2018-05-11 09:38:41');
INSERT INTO `products` VALUES ('48', 'quo', 'Recusandae atque exercitationem fugiat porro error ipsam. Facere vero tempora dolorem quam. Dolor ea est culpa. Error reiciendis sed voluptas facere aut modi facere et.', '204', '0', '29', '2018-05-11 09:38:41', '2018-05-11 09:38:41');
INSERT INTO `products` VALUES ('49', 'ab', 'Beatae consequatur voluptates occaecati non excepturi. Incidunt praesentium velit non. Consectetur explicabo est repellendus dolor accusamus tenetur et.', '161', '5', '2', '2018-05-11 09:38:41', '2018-05-11 09:38:41');
INSERT INTO `products` VALUES ('50', 'nobis', 'Molestiae soluta doloremque asperiores. Earum in harum dolore ipsam maxime. Ea dolor ab eum praesentium. Quia eum autem autem vel qui et non quibusdam.', '864', '9', '18', '2018-05-11 09:38:41', '2018-05-11 09:38:41');

-- ----------------------------
-- Table structure for reviews
-- ----------------------------
DROP TABLE IF EXISTS `reviews`;
CREATE TABLE `reviews` (
  `id` int(10) unsigned NOT NULL AUTO_INCREMENT,
  `product_id` int(10) unsigned NOT NULL,
  `customer` varchar(191) COLLATE utf8mb4_unicode_ci NOT NULL,
  `review` text COLLATE utf8mb4_unicode_ci NOT NULL,
  `star` int(11) NOT NULL,
  `created_at` timestamp NULL DEFAULT NULL,
  `updated_at` timestamp NULL DEFAULT NULL,
  PRIMARY KEY (`id`),
  KEY `reviews_product_id_index` (`product_id`),
  CONSTRAINT `reviews_product_id_foreign` FOREIGN KEY (`product_id`) REFERENCES `products` (`id`) ON DELETE CASCADE
) ENGINE=InnoDB AUTO_INCREMENT=301 DEFAULT CHARSET=utf8mb4 COLLATE=utf8mb4_unicode_ci;

-- ----------------------------
-- Records of reviews
-- ----------------------------
INSERT INTO `reviews` VALUES ('1', '15', 'Ewald Gleason', 'Accusamus dolores fugiat cumque iste incidunt vel aut. Impedit magni et reprehenderit dignissimos et.', '3', '2018-05-11 09:38:42', '2018-05-11 09:38:42');
INSERT INTO `reviews` VALUES ('2', '6', 'Lavina Goyette', 'Aliquam amet magnam et ut debitis. Aut non recusandae inventore temporibus inventore debitis sint. Nam recusandae distinctio voluptatem possimus labore. Blanditiis reprehenderit quia quas dolores.', '1', '2018-05-11 09:38:42', '2018-05-11 09:38:42');
INSERT INTO `reviews` VALUES ('3', '46', 'Herminio Mertz', 'Et totam atque quia blanditiis quia fuga facilis. In sapiente accusamus doloremque omnis non. Asperiores sed consequuntur harum quidem.', '1', '2018-05-11 09:38:42', '2018-05-11 09:38:42');
INSERT INTO `reviews` VALUES ('4', '27', 'Dulce Collier', 'Qui sequi atque soluta magnam rerum blanditiis. Exercitationem aspernatur eveniet asperiores et autem laborum aliquid. Facere suscipit et possimus laborum. Nihil sed vel facere nihil odit.', '2', '2018-05-11 09:38:42', '2018-05-11 09:38:42');
INSERT INTO `reviews` VALUES ('5', '6', 'Mr. Manley Beahan', 'Praesentium quas facere ratione error rem voluptatem. Vitae id ea beatae cupiditate pariatur sit. Veniam fugiat adipisci est eos beatae. Et animi qui soluta harum pariatur voluptas.', '3', '2018-05-11 09:38:42', '2018-05-11 09:38:42');
INSERT INTO `reviews` VALUES ('6', '49', 'Clare Flatley', 'Molestias quis quae nobis dolor aut. Accusamus et provident sunt. Labore eum suscipit dolorem et numquam. Mollitia magnam voluptatibus est itaque unde rerum rerum. Nihil ut incidunt necessitatibus ea sed veritatis.', '5', '2018-05-11 09:38:42', '2018-05-11 09:38:42');
INSERT INTO `reviews` VALUES ('7', '38', 'Prof. Reina O\'Keefe Sr.', 'Fuga soluta quaerat et repellat tempora. Occaecati consectetur sit corrupti deserunt voluptate dolor libero. Itaque sit harum soluta ipsam debitis. Expedita ut ut et illo ducimus aut omnis.', '0', '2018-05-11 09:38:42', '2018-05-11 09:38:42');
INSERT INTO `reviews` VALUES ('8', '21', 'Gisselle Hahn', 'Dolorum quia vero fugiat nesciunt sequi. Ex aut excepturi accusantium. Id quia in repellat quos. Mollitia voluptatem ullam doloremque recusandae adipisci laudantium recusandae quis.', '5', '2018-05-11 09:38:42', '2018-05-11 09:38:42');
INSERT INTO `reviews` VALUES ('9', '28', 'Prof. Trent Gottlieb Jr.', 'Et voluptatem expedita maiores deleniti. Dicta consequatur molestiae eligendi cumque minus impedit fugit. Commodi reiciendis provident facere reprehenderit beatae soluta. Et distinctio pariatur ipsum laudantium quia nisi.', '1', '2018-05-11 09:38:42', '2018-05-11 09:38:42');
INSERT INTO `reviews` VALUES ('10', '4', 'Leola Jacobi IV', 'Modi asperiores consequuntur adipisci autem voluptas dicta est. Quod sequi maxime enim sint veniam.', '3', '2018-05-11 09:38:42', '2018-05-11 09:38:42');
INSERT INTO `reviews` VALUES ('11', '35', 'Isabella Fadel', 'Dicta beatae quo a tenetur. Eligendi quis nostrum cumque. Odio sed modi numquam blanditiis ab non neque. Non pariatur quae ullam.', '1', '2018-05-11 09:38:42', '2018-05-11 09:38:42');
INSERT INTO `reviews` VALUES ('12', '26', 'Curt Jast', 'Amet itaque maxime similique ut itaque expedita veritatis. Et ut vel animi ea. Aliquid in mollitia voluptates voluptatem eum maiores quia fuga. Et enim porro et sed voluptates.', '0', '2018-05-11 09:38:42', '2018-05-11 09:38:42');
INSERT INTO `reviews` VALUES ('13', '21', 'Hipolito Feil', 'Maiores et distinctio dolorem praesentium adipisci. Expedita omnis velit corporis fuga quo consequatur nulla ex. Quod quia officia vitae error enim.', '4', '2018-05-11 09:38:42', '2018-05-11 09:38:42');
INSERT INTO `reviews` VALUES ('14', '38', 'Mr. Dalton Durgan II', 'Est minus perspiciatis temporibus iusto velit. Omnis omnis quos ut officia aut est laborum. Tenetur magnam molestiae nostrum in quia reiciendis sit. Cumque temporibus odit quia vel suscipit.', '0', '2018-05-11 09:38:42', '2018-05-11 09:38:42');
INSERT INTO `reviews` VALUES ('15', '14', 'Enoch McKenzie', 'Aut ut magni fuga neque. Distinctio ut doloremque et qui. Adipisci aut fugiat ipsum recusandae velit. Eaque ducimus hic amet aut atque cumque et ut.', '2', '2018-05-11 09:38:42', '2018-05-11 09:38:42');
INSERT INTO `reviews` VALUES ('16', '19', 'Isadore Eichmann', 'Omnis itaque itaque sapiente. Vel iusto illo amet vitae maiores. Aut expedita odio pariatur qui non et voluptate. Quia non et quia veniam.', '0', '2018-05-11 09:38:42', '2018-05-11 09:38:42');
INSERT INTO `reviews` VALUES ('17', '13', 'Christophe Bednar', 'Magni eos aperiam fugiat modi expedita est sequi odio. Maxime maiores exercitationem impedit maxime quidem. Doloribus autem ullam molestiae voluptate. Est optio quia odit enim qui qui rerum.', '2', '2018-05-11 09:38:42', '2018-05-11 09:38:42');
INSERT INTO `reviews` VALUES ('18', '11', 'Mr. Stefan Wiegand DVM', 'Alias ratione sed mollitia asperiores aut accusamus hic. Assumenda molestias corporis exercitationem deleniti. Numquam et nihil ut iste laborum. Facere dignissimos fuga reprehenderit placeat veritatis. Adipisci dignissimos amet ea corrupti minima.', '0', '2018-05-11 09:38:42', '2018-05-11 09:38:42');
INSERT INTO `reviews` VALUES ('19', '24', 'Hector Treutel', 'Illo culpa aut aut aut ullam sequi quos. Et nemo reiciendis voluptatum non neque quo. Aut incidunt officiis illum consequatur perspiciatis voluptates sit possimus. Sunt quo fugit est quia qui voluptatem.', '0', '2018-05-11 09:38:42', '2018-05-11 09:38:42');
INSERT INTO `reviews` VALUES ('20', '49', 'Jaleel Botsford Jr.', 'Architecto quis ratione quis ut soluta. Quia omnis velit ad numquam hic ex tempora. Nostrum praesentium ex provident expedita aut ea. Aliquid natus rerum reiciendis.', '2', '2018-05-11 09:38:42', '2018-05-11 09:38:42');
INSERT INTO `reviews` VALUES ('21', '12', 'Tyler Kreiger', 'Nobis eum qui tempore reprehenderit sunt rem. Et perferendis dolore asperiores magnam natus consequatur recusandae. Voluptatem aliquid provident aut soluta voluptatem tempora sint. Ducimus vitae numquam quidem impedit.', '1', '2018-05-11 09:38:43', '2018-05-11 09:38:43');
INSERT INTO `reviews` VALUES ('22', '31', 'Dorothea Miller', 'Sit vero quod consectetur quod voluptatem voluptate consequatur. Non pariatur eos aperiam possimus dolorum ut. Rerum praesentium eveniet esse magnam quasi sunt ipsam aut. Nisi voluptas sint provident quos.', '4', '2018-05-11 09:38:43', '2018-05-11 09:38:43');
INSERT INTO `reviews` VALUES ('23', '37', 'Theresa Gottlieb', 'Harum possimus voluptas rerum voluptas. Fugiat est quos ea iste doloremque iusto odit voluptates. Molestiae excepturi ut sint quod harum earum praesentium ab.', '5', '2018-05-11 09:38:43', '2018-05-11 09:38:43');
INSERT INTO `reviews` VALUES ('24', '32', 'Karley Schoen Sr.', 'Laborum velit perspiciatis error aut. At repellendus veniam sunt cupiditate voluptatem. Neque reiciendis dolor qui occaecati nam reiciendis.', '0', '2018-05-11 09:38:43', '2018-05-11 09:38:43');
INSERT INTO `reviews` VALUES ('25', '41', 'Dr. Emmitt Trantow Jr.', 'Repudiandae minima temporibus quae dolor facilis voluptas ducimus. Modi quos qui aperiam. Voluptatibus quaerat accusantium rerum sequi. Ratione sunt quisquam consectetur nobis deleniti dolorum itaque.', '5', '2018-05-11 09:38:43', '2018-05-11 09:38:43');
INSERT INTO `reviews` VALUES ('26', '18', 'Anahi Cassin', 'Voluptates iusto neque tempora autem culpa quibusdam. Ipsam excepturi aut exercitationem illo. Et sed ut ut voluptatem.', '3', '2018-05-11 09:38:43', '2018-05-11 09:38:43');
INSERT INTO `reviews` VALUES ('27', '45', 'Reginald Kemmer Sr.', 'Quam eaque earum enim et et alias esse. Molestias quia mollitia molestiae quisquam. Voluptas quam vitae eveniet labore. Excepturi dolorum reiciendis ut ex architecto. Similique accusamus aliquid nostrum.', '1', '2018-05-11 09:38:43', '2018-05-11 09:38:43');
INSERT INTO `reviews` VALUES ('28', '10', 'Mrs. Brionna Prosacco', 'Voluptas officia sed quisquam. Sit iusto dicta illum aut. Sit est dolor non qui repudiandae ut beatae. Sit quibusdam dolorum cum ea magnam a qui.', '2', '2018-05-11 09:38:43', '2018-05-11 09:38:43');
INSERT INTO `reviews` VALUES ('29', '8', 'Libbie Klocko', 'Tempora quo nam ipsam maiores tempore sunt doloremque nemo. Quisquam ad dolorem ea voluptatem voluptates distinctio. Officia deserunt praesentium doloribus sequi dolore fugiat minima deleniti.', '1', '2018-05-11 09:38:43', '2018-05-11 09:38:43');
INSERT INTO `reviews` VALUES ('30', '2', 'Mr. Richmond Tillman V', 'Optio et ducimus impedit dolor eaque et sunt. Est iusto distinctio vel voluptatibus exercitationem corrupti molestiae. Iure recusandae tenetur est modi dolores. Dignissimos voluptate illo sequi et nemo.', '4', '2018-05-11 09:38:43', '2018-05-11 09:38:43');
INSERT INTO `reviews` VALUES ('31', '30', 'Prof. Heather Thompson', 'Qui necessitatibus sit earum sunt tempora veritatis. Ea assumenda illum in quaerat. Eveniet sequi deleniti eos ut explicabo eum consequatur. Saepe iste excepturi occaecati vel inventore.', '1', '2018-05-11 09:38:43', '2018-05-11 09:38:43');
INSERT INTO `reviews` VALUES ('32', '28', 'Serena Larson', 'Libero debitis in laudantium sunt est. Placeat in placeat ipsum quis. Ipsam corporis dolorem consectetur nihil sed.', '1', '2018-05-11 09:38:43', '2018-05-11 09:38:43');
INSERT INTO `reviews` VALUES ('33', '9', 'Jaunita Boyer', 'Quae est dolorem eos rerum. Libero et consequatur aspernatur et at. Voluptatum quia molestiae quia omnis facere dolorem.', '0', '2018-05-11 09:38:43', '2018-05-11 09:38:43');
INSERT INTO `reviews` VALUES ('34', '47', 'Prof. Olin Schmeler', 'Voluptatibus inventore recusandae maxime. Et provident dignissimos ex id deleniti non in. Veritatis nesciunt cupiditate fuga ullam optio.', '2', '2018-05-11 09:38:43', '2018-05-11 09:38:43');
INSERT INTO `reviews` VALUES ('35', '10', 'Gayle Okuneva', 'Aut aut aut quia iste numquam. Iusto accusamus nostrum saepe qui delectus enim corporis. Vero similique et eum sed fugiat est labore consequuntur.', '0', '2018-05-11 09:38:43', '2018-05-11 09:38:43');
INSERT INTO `reviews` VALUES ('36', '15', 'Dr. Orval Leuschke PhD', 'Facere repellendus optio unde consequatur. Incidunt a voluptatem et necessitatibus inventore est. A sapiente esse hic. Dolorem adipisci et temporibus dolor repellendus quidem.', '3', '2018-05-11 09:38:43', '2018-05-11 09:38:43');
INSERT INTO `reviews` VALUES ('37', '36', 'Eliza Paucek', 'Ut dolores sed sed saepe odit aspernatur. Sapiente in nam quo ipsum iste in. Est aut vel accusamus aperiam. Ratione impedit numquam aut autem.', '5', '2018-05-11 09:38:43', '2018-05-11 09:38:43');
INSERT INTO `reviews` VALUES ('38', '47', 'Eino Abshire', 'Voluptatibus provident voluptates qui officia consequatur a. Non quisquam ut labore in. Voluptatem dolore ipsa dolores temporibus aperiam cumque. Rerum et sint perferendis fugiat id.', '0', '2018-05-11 09:38:43', '2018-05-11 09:38:43');
INSERT INTO `reviews` VALUES ('39', '42', 'Abagail Reilly', 'Cumque maxime facere molestiae vel facilis provident reiciendis. Aut molestiae fuga provident nihil quidem voluptatem. Temporibus tenetur officiis nihil eum.', '0', '2018-05-11 09:38:43', '2018-05-11 09:38:43');
INSERT INTO `reviews` VALUES ('40', '4', 'Earlene Ritchie', 'Eum enim labore consequatur perspiciatis qui est et. Optio natus tempore cupiditate maxime ea. Similique nulla voluptas voluptatum qui. Vel itaque quo architecto totam.', '1', '2018-05-11 09:38:43', '2018-05-11 09:38:43');
INSERT INTO `reviews` VALUES ('41', '46', 'Dr. Elnora Hudson IV', 'Qui vel ullam aut dolorem nisi. In rerum similique officia non voluptatibus reiciendis quaerat. Sit aut voluptatem ullam at quia.', '5', '2018-05-11 09:38:43', '2018-05-11 09:38:43');
INSERT INTO `reviews` VALUES ('42', '33', 'Prof. Milan Rath Jr.', 'Error temporibus aliquid explicabo voluptas. Voluptatem qui facilis officia exercitationem voluptatem suscipit libero. Qui architecto earum qui voluptates quam. Delectus quaerat repellat id consequatur magnam.', '0', '2018-05-11 09:38:43', '2018-05-11 09:38:43');
INSERT INTO `reviews` VALUES ('43', '50', 'Velda Friesen', 'Velit dolorem nobis at sit assumenda ipsam cupiditate. Deserunt ut dicta et ducimus neque. Quia illum exercitationem repellat quia. Sapiente voluptatem aut eum tenetur quia et in.', '3', '2018-05-11 09:38:43', '2018-05-11 09:38:43');
INSERT INTO `reviews` VALUES ('44', '11', 'Domenica Harris', 'Quis hic tempore rem et ipsam vel. Et porro maxime eveniet aut dolorum dolorem veritatis. Atque qui accusamus qui tempore eligendi praesentium natus deleniti.', '3', '2018-05-11 09:38:43', '2018-05-11 09:38:43');
INSERT INTO `reviews` VALUES ('45', '32', 'Mr. Brown McLaughlin IV', 'Et consectetur voluptatibus officia quo. Dignissimos incidunt ea repellat odio eos quidem.', '2', '2018-05-11 09:38:43', '2018-05-11 09:38:43');
INSERT INTO `reviews` VALUES ('46', '4', 'Lula Lubowitz', 'Vitae nam voluptas omnis eius a sit. Numquam sit veniam est sit maxime. Omnis voluptatem id provident cumque vel esse.', '3', '2018-05-11 09:38:43', '2018-05-11 09:38:43');
INSERT INTO `reviews` VALUES ('47', '21', 'Miss Sandy Robel', 'Suscipit occaecati sed omnis consequatur soluta. Impedit ut rerum doloribus quis quisquam. Iusto sit eos ut blanditiis id autem. Repudiandae eum libero exercitationem eum in.', '0', '2018-05-11 09:38:43', '2018-05-11 09:38:43');
INSERT INTO `reviews` VALUES ('48', '44', 'Nigel Okuneva', 'Dolorem quo dolores id temporibus ut exercitationem. Debitis saepe et et unde cumque itaque accusamus. Error quia rerum optio nesciunt velit. Quia inventore voluptatem natus assumenda.', '2', '2018-05-11 09:38:43', '2018-05-11 09:38:43');
INSERT INTO `reviews` VALUES ('49', '36', 'Aileen Becker', 'Et tenetur ab ea libero assumenda. Esse consequatur vel quia et doloremque vero. Voluptas maiores illum quae maxime recusandae qui. Fugit sed est eos animi occaecati provident et.', '4', '2018-05-11 09:38:43', '2018-05-11 09:38:43');
INSERT INTO `reviews` VALUES ('50', '1', 'Gilbert Bosco', 'A quia molestiae tenetur modi quaerat sunt quia. Et est explicabo ut rerum. Sed qui vel illo sequi nulla exercitationem.', '1', '2018-05-11 09:38:43', '2018-05-11 09:38:43');
INSERT INTO `reviews` VALUES ('51', '24', 'Mrs. Myrtle Wiegand III', 'Vitae modi vel delectus eum quia minima dolores. Quo est laudantium dolorum tempora sed soluta voluptas. Veritatis et veritatis officiis quidem et quasi aperiam reiciendis. Earum rem dolorum delectus hic.', '0', '2018-05-11 09:38:43', '2018-05-11 09:38:43');
INSERT INTO `reviews` VALUES ('52', '38', 'Lacey Leffler', 'Distinctio commodi qui eveniet ut nisi ab. Minus et est et nisi. Ut esse consequatur aliquid voluptatum cupiditate. Quo quia impedit repellat voluptate est voluptatem. At dolorem aspernatur tempore minima.', '1', '2018-05-11 09:38:43', '2018-05-11 09:38:43');
INSERT INTO `reviews` VALUES ('53', '23', 'Ottilie Bednar', 'A voluptas autem officiis explicabo. Qui eveniet doloribus ipsam unde facere doloribus. Earum hic blanditiis sit quas. Consequatur magnam qui dolores ut.', '4', '2018-05-11 09:38:44', '2018-05-11 09:38:44');
INSERT INTO `reviews` VALUES ('54', '22', 'Travis Murphy', 'In dolorem aut quibusdam occaecati adipisci quidem nemo. Ut aut perspiciatis quia perferendis natus. Asperiores et consequuntur occaecati qui odio sit. Ut et excepturi id temporibus cupiditate qui natus.', '4', '2018-05-11 09:38:44', '2018-05-11 09:38:44');
INSERT INTO `reviews` VALUES ('55', '30', 'Ellie Connelly', 'Eos vel sed enim delectus. Reprehenderit fugiat animi atque ut inventore. Enim cum in reprehenderit laudantium sunt error impedit.', '4', '2018-05-11 09:38:44', '2018-05-11 09:38:44');
INSERT INTO `reviews` VALUES ('56', '11', 'Dr. Jevon Towne I', 'Voluptas nam sapiente possimus aspernatur qui similique. Iste et et ipsum praesentium consequuntur molestias est beatae. Natus hic repudiandae suscipit vitae deserunt blanditiis. Dolorem delectus omnis nam quaerat provident.', '0', '2018-05-11 09:38:44', '2018-05-11 09:38:44');
INSERT INTO `reviews` VALUES ('57', '29', 'Jaida Quitzon', 'Consectetur est dolorem in ipsam. Temporibus vel dolorem ratione facilis et aut ratione rerum. Accusamus vel inventore perferendis sit exercitationem.', '3', '2018-05-11 09:38:44', '2018-05-11 09:38:44');
INSERT INTO `reviews` VALUES ('58', '3', 'Malcolm Daniel Jr.', 'Harum qui qui et deleniti accusantium culpa tempore est. Qui consequatur nulla laborum vitae tenetur ducimus qui. Saepe perspiciatis veniam ab eligendi.', '0', '2018-05-11 09:38:44', '2018-05-11 09:38:44');
INSERT INTO `reviews` VALUES ('59', '25', 'Mrs. Jennifer West III', 'Eos fugit qui consequatur eos ipsam placeat. Voluptatem quis eos aut assumenda. Dolores molestias dolores vel sed.', '2', '2018-05-11 09:38:44', '2018-05-11 09:38:44');
INSERT INTO `reviews` VALUES ('60', '12', 'Dr. Jacklyn Keeling', 'Consequatur exercitationem consectetur debitis aut. Voluptate voluptas esse ut vel rerum et rerum possimus. Itaque amet quasi eos asperiores tempore odio. Perferendis velit laboriosam labore id at repellat ipsam explicabo.', '4', '2018-05-11 09:38:44', '2018-05-11 09:38:44');
INSERT INTO `reviews` VALUES ('61', '29', 'Sophia Bernhard', 'Accusamus sit iure perspiciatis aut. Qui sapiente doloremque dolores dolorem placeat optio. Commodi molestiae nulla occaecati enim porro quaerat voluptatibus. Qui cum maiores occaecati rerum ut ratione. Qui soluta sit delectus dolor nostrum alias.', '1', '2018-05-11 09:38:44', '2018-05-11 09:38:44');
INSERT INTO `reviews` VALUES ('62', '20', 'Prof. Eugene Rodriguez', 'Consequatur quia et vel asperiores quia veritatis eveniet. Quae iste sed ipsum aliquid iure in. Nihil iure ut tempore eaque recusandae porro. Quo dolor corrupti praesentium consequatur tenetur ex. Occaecati eius tempore ea voluptatem atque sunt.', '2', '2018-05-11 09:38:44', '2018-05-11 09:38:44');
INSERT INTO `reviews` VALUES ('63', '48', 'Shaina Mills', 'Odio omnis corrupti illo et consequatur quaerat. Id voluptatem dolor voluptatibus voluptatem asperiores. Dolorum voluptates quae dolor nulla aperiam dolor.', '1', '2018-05-11 09:38:44', '2018-05-11 09:38:44');
INSERT INTO `reviews` VALUES ('64', '40', 'Furman Franecki', 'Eligendi totam eos est est voluptas est modi. Quia cupiditate aut ea.', '4', '2018-05-11 09:38:44', '2018-05-11 09:38:44');
INSERT INTO `reviews` VALUES ('65', '13', 'Prof. Leilani Langworth', 'Sit deserunt aut temporibus quaerat a aut suscipit. Autem quia quod officiis aliquid. Dicta excepturi quis veniam esse.', '5', '2018-05-11 09:38:44', '2018-05-11 09:38:44');
INSERT INTO `reviews` VALUES ('66', '27', 'Lilliana Halvorson', 'Ipsa aliquam et ab id. Aut nesciunt excepturi eum quia. Laboriosam a blanditiis et quaerat similique. Voluptas tempore ducimus autem voluptates est molestiae dolorem.', '1', '2018-05-11 09:38:44', '2018-05-11 09:38:44');
INSERT INTO `reviews` VALUES ('67', '15', 'Prof. Milford Kutch', 'Consectetur magnam odit veritatis ex temporibus consequatur. Eos nemo temporibus omnis ullam in natus exercitationem.', '3', '2018-05-11 09:38:44', '2018-05-11 09:38:44');
INSERT INTO `reviews` VALUES ('68', '45', 'Myrl Padberg II', 'Est laborum ex dolor velit. Aut impedit voluptatem cupiditate voluptatem. Et quis nostrum sunt est neque.', '2', '2018-05-11 09:38:44', '2018-05-11 09:38:44');
INSERT INTO `reviews` VALUES ('69', '9', 'Junius Dach', 'Qui iure id omnis eligendi. Minima doloremque a ex eaque inventore consequatur. Suscipit consequatur facere optio non. Odit quam occaecati sunt veritatis nemo nihil.', '5', '2018-05-11 09:38:44', '2018-05-11 09:38:44');
INSERT INTO `reviews` VALUES ('70', '43', 'Isabelle Rolfson', 'Sed quidem voluptates consectetur deleniti. Rerum quia deleniti vitae ad iusto. Voluptatem iste voluptatem et aut ex. Quis quas deleniti omnis vel tempora et.', '4', '2018-05-11 09:38:44', '2018-05-11 09:38:44');
INSERT INTO `reviews` VALUES ('71', '42', 'Aubree Quitzon', 'Aut et in officiis excepturi molestias. Dolores eos similique ex et. Qui tenetur animi quos exercitationem.', '1', '2018-05-11 09:38:44', '2018-05-11 09:38:44');
INSERT INTO `reviews` VALUES ('72', '40', 'Donnell Bode', 'Enim pariatur voluptas eum cumque minima vitae voluptas iusto. Qui aut tempora facere quasi voluptatem. Ut quis aliquam voluptatem quo. Libero qui consequuntur rerum rem aut aperiam.', '4', '2018-05-11 09:38:44', '2018-05-11 09:38:44');
INSERT INTO `reviews` VALUES ('73', '6', 'Cecil Osinski Jr.', 'Odio nam illo officiis quod rerum incidunt sit. Qui nihil non aut illo quia. Aut beatae minus repudiandae et.', '1', '2018-05-11 09:38:44', '2018-05-11 09:38:44');
INSERT INTO `reviews` VALUES ('74', '10', 'Brandyn O\'Connell', 'Quisquam vel tempore consequuntur sed aut. Quia nemo tenetur consequatur at dolor voluptatibus. Ut reprehenderit voluptatibus earum a quod commodi a.', '2', '2018-05-11 09:38:44', '2018-05-11 09:38:44');
INSERT INTO `reviews` VALUES ('75', '39', 'Nicola Ruecker DVM', 'Suscipit qui labore corporis aut qui. Harum nostrum consequatur saepe qui. Nulla ut non repellendus eius et. Similique maiores corporis adipisci facilis cupiditate.', '0', '2018-05-11 09:38:44', '2018-05-11 09:38:44');
INSERT INTO `reviews` VALUES ('76', '6', 'Dr. Alphonso Rohan', 'Nesciunt expedita id voluptatem velit. A qui minus quos libero velit sed asperiores. Atque exercitationem voluptate eum inventore repudiandae sed doloribus quo. Quibusdam optio voluptate commodi quis sapiente alias.', '4', '2018-05-11 09:38:44', '2018-05-11 09:38:44');
INSERT INTO `reviews` VALUES ('77', '30', 'Hans Ondricka', 'Sapiente hic nobis eum quisquam quaerat et sint tempora. Nam vel veniam vel aspernatur. Id aut sed in blanditiis et voluptas ex. Ipsum omnis eveniet nam quaerat.', '5', '2018-05-11 09:38:44', '2018-05-11 09:38:44');
INSERT INTO `reviews` VALUES ('78', '38', 'Lucy Hagenes DVM', 'Quia sequi maiores fuga atque repellendus. Aliquam in ab facere sed. Cum et nihil suscipit quibusdam quibusdam sunt molestiae dolorem.', '2', '2018-05-11 09:38:44', '2018-05-11 09:38:44');
INSERT INTO `reviews` VALUES ('79', '35', 'Gaetano Lubowitz', 'Vero in voluptatem earum id. Officiis placeat inventore atque voluptatibus. Magni laudantium vero et sit nisi minus nemo.', '2', '2018-05-11 09:38:44', '2018-05-11 09:38:44');
INSERT INTO `reviews` VALUES ('80', '46', 'Miss Retta Windler IV', 'Dolores eaque excepturi est quasi dignissimos placeat incidunt sit. Minima architecto nam officia ipsam neque rerum rerum minima. Debitis sapiente qui ut quos sunt expedita autem iusto. Magni sed numquam aliquam est iusto.', '5', '2018-05-11 09:38:44', '2018-05-11 09:38:44');
INSERT INTO `reviews` VALUES ('81', '38', 'Leda Bartoletti', 'Perspiciatis ipsam laudantium natus iure sequi alias nostrum dolores. Et vel assumenda et et. Rerum dicta maxime quia totam ut esse eos.', '0', '2018-05-11 09:38:44', '2018-05-11 09:38:44');
INSERT INTO `reviews` VALUES ('82', '18', 'Jarret Brown', 'Numquam natus aliquid culpa consequatur excepturi ipsum. Sint qui a repellat est rerum culpa exercitationem qui. Quis fugiat aliquid non nihil.', '5', '2018-05-11 09:38:44', '2018-05-11 09:38:44');
INSERT INTO `reviews` VALUES ('83', '41', 'Dr. Dannie Johnson', 'Aperiam quis temporibus quia voluptatem architecto perspiciatis dolorum. Autem quae eos veritatis aspernatur unde. Eos omnis corporis voluptatem esse.', '3', '2018-05-11 09:38:44', '2018-05-11 09:38:44');
INSERT INTO `reviews` VALUES ('84', '41', 'Mrs. Alana Eichmann PhD', 'Laborum officia vitae corporis. Esse in et et. Dolores et est dolorem aliquid eveniet autem.', '1', '2018-05-11 09:38:44', '2018-05-11 09:38:44');
INSERT INTO `reviews` VALUES ('85', '48', 'Virgil Lynch', 'Ad est qui error a omnis quo enim. Voluptas vel ipsa mollitia. Fuga sed velit aliquid veniam ex necessitatibus. Et explicabo aut iusto impedit molestiae.', '5', '2018-05-11 09:38:44', '2018-05-11 09:38:44');
INSERT INTO `reviews` VALUES ('86', '43', 'Alberta Wyman', 'Placeat error nihil soluta ad aspernatur vel. Necessitatibus veritatis consequatur ipsum culpa. Assumenda nulla possimus nesciunt.', '1', '2018-05-11 09:38:45', '2018-05-11 09:38:45');
INSERT INTO `reviews` VALUES ('87', '36', 'Terrill Mertz', 'Accusantium consectetur quia aut corrupti. Est reiciendis ab vel. Optio est id vero tenetur quos suscipit dolorem.', '3', '2018-05-11 09:38:45', '2018-05-11 09:38:45');
INSERT INTO `reviews` VALUES ('88', '35', 'Kenneth Mayert', 'Deserunt impedit expedita natus pariatur. Non voluptatem accusantium ut excepturi autem. Id aut recusandae ratione non qui. Sed consequuntur ipsam possimus.', '1', '2018-05-11 09:38:45', '2018-05-11 09:38:45');
INSERT INTO `reviews` VALUES ('89', '2', 'Giovanna Grimes', 'Facilis natus sed tenetur quae in. Repudiandae voluptatem perspiciatis omnis praesentium et et. Et odio repudiandae magni.', '0', '2018-05-11 09:38:45', '2018-05-11 09:38:45');
INSERT INTO `reviews` VALUES ('90', '2', 'Elvera Lynch', 'Eaque dolores et ducimus saepe quia. Dicta est non et perferendis. Vitae ducimus fuga maiores. Nemo ducimus sit est omnis quia odit voluptas culpa. Voluptates et est omnis libero ut nulla officiis.', '0', '2018-05-11 09:38:45', '2018-05-11 09:38:45');
INSERT INTO `reviews` VALUES ('91', '24', 'Claudie Hoppe', 'Corrupti repudiandae qui quos a deserunt in atque. Dolores repellendus aliquid tempore consectetur est rem in. Odio atque consequatur nostrum quas dolores nobis. Velit quas suscipit est beatae nihil. Ea voluptatem tenetur hic temporibus itaque voluptate.', '1', '2018-05-11 09:38:45', '2018-05-11 09:38:45');
INSERT INTO `reviews` VALUES ('92', '34', 'Miss Aditya Kuvalis PhD', 'Voluptatum sunt sapiente est est sapiente voluptates aut. Aut placeat occaecati ut at accusamus autem inventore.', '1', '2018-05-11 09:38:45', '2018-05-11 09:38:45');
INSERT INTO `reviews` VALUES ('93', '22', 'Elda Aufderhar', 'Provident alias et ducimus voluptas. Amet odio dolorum qui corrupti sit sed nemo. Corporis error atque et perspiciatis provident. Nesciunt tempora perspiciatis dolor quod magni dolorem. Atque adipisci optio qui autem ea.', '2', '2018-05-11 09:38:45', '2018-05-11 09:38:45');
INSERT INTO `reviews` VALUES ('94', '5', 'Prof. Macey Koepp', 'Omnis aliquid quibusdam adipisci. Enim harum delectus perspiciatis. Architecto ad aliquid eum aut ducimus autem.', '3', '2018-05-11 09:38:45', '2018-05-11 09:38:45');
INSERT INTO `reviews` VALUES ('95', '23', 'Dr. Alford Weber Sr.', 'Maiores porro ex occaecati quia ipsum. Hic in delectus dicta dignissimos atque occaecati nihil. Ducimus repudiandae in aliquam illum inventore molestias est.', '0', '2018-05-11 09:38:45', '2018-05-11 09:38:45');
INSERT INTO `reviews` VALUES ('96', '3', 'Natalie Reilly', 'Molestias saepe architecto reprehenderit laborum. Et quia voluptas vel ut esse dignissimos praesentium. Alias placeat debitis dicta est cumque illo iusto.', '0', '2018-05-11 09:38:45', '2018-05-11 09:38:45');
INSERT INTO `reviews` VALUES ('97', '20', 'Mr. Adrain Greenholt', 'Qui dolor perferendis autem officiis ipsa. Ea enim nostrum neque quo voluptatem.', '4', '2018-05-11 09:38:45', '2018-05-11 09:38:45');
INSERT INTO `reviews` VALUES ('98', '30', 'Dr. Felton Jacobson IV', 'Reiciendis blanditiis aut cumque cupiditate quidem pariatur. Praesentium accusantium ratione ut laborum architecto saepe cupiditate. Sunt cum ut vitae.', '1', '2018-05-11 09:38:45', '2018-05-11 09:38:45');
INSERT INTO `reviews` VALUES ('99', '43', 'Mr. Ferne Nitzsche I', 'Incidunt voluptates ut culpa delectus vero velit. Aliquid sint ullam tenetur a. Sed vel odio quis id praesentium. Veniam consequatur aut provident enim dicta.', '5', '2018-05-11 09:38:45', '2018-05-11 09:38:45');
INSERT INTO `reviews` VALUES ('100', '43', 'Rasheed Willms', 'Ab possimus eligendi aliquid officia. Dolorem animi eum nobis dolores veritatis perspiciatis natus ipsam. Quae tempore eveniet optio porro itaque eum quia. Consequuntur aspernatur iste necessitatibus consectetur.', '2', '2018-05-11 09:38:45', '2018-05-11 09:38:45');
INSERT INTO `reviews` VALUES ('101', '38', 'Martina Mitchell', 'Tempore nostrum illum tenetur minus blanditiis quia expedita. Est et sed quo ea. Quo voluptates dicta quas esse at dolore. Delectus dolor voluptatibus itaque odit vel.', '3', '2018-05-11 09:38:45', '2018-05-11 09:38:45');
INSERT INTO `reviews` VALUES ('102', '25', 'Mr. Ayden Hermiston', 'Nobis molestias distinctio omnis itaque tempora alias et. Animi ad labore doloremque. Nihil ea quidem dolor sed temporibus non facilis maxime.', '3', '2018-05-11 09:38:45', '2018-05-11 09:38:45');
INSERT INTO `reviews` VALUES ('103', '36', 'Josefina Koelpin DDS', 'Ut a dolorem quae ab. Enim sit sit excepturi architecto enim.', '2', '2018-05-11 09:38:45', '2018-05-11 09:38:45');
INSERT INTO `reviews` VALUES ('104', '28', 'Dr. Heber Flatley III', 'Sed consectetur odit eum et. Quis culpa cum aut neque. Repellendus eaque doloribus eos earum quam voluptatem aperiam. Mollitia ullam ipsum maiores iusto maiores. Laborum dicta est dolores consequatur sapiente odit rerum.', '3', '2018-05-11 09:38:45', '2018-05-11 09:38:45');
INSERT INTO `reviews` VALUES ('105', '7', 'Benton Marquardt II', 'Quis similique non at rerum qui. Harum dolorem ut et tempora. Excepturi quod sapiente quod perferendis enim accusantium. Consequatur veniam nihil minima molestias aperiam optio.', '4', '2018-05-11 09:38:45', '2018-05-11 09:38:45');
INSERT INTO `reviews` VALUES ('106', '44', 'Alejandrin Gulgowski', 'Esse alias mollitia rerum est. Dolore iusto ipsam amet saepe. Dicta harum expedita sint laborum hic et. Pariatur exercitationem suscipit recusandae aliquam quia qui enim et.', '1', '2018-05-11 09:38:45', '2018-05-11 09:38:45');
INSERT INTO `reviews` VALUES ('107', '45', 'Mrs. Destiny Hermann', 'Eum numquam et dicta accusantium maxime occaecati. Sint ipsum et occaecati qui sequi.', '0', '2018-05-11 09:38:45', '2018-05-11 09:38:45');
INSERT INTO `reviews` VALUES ('108', '50', 'Richmond Huel DVM', 'Possimus quia esse quis tempore perspiciatis ut voluptas. Aperiam non recusandae earum voluptatibus fugiat odit. Nobis voluptatem quod tempore minus perspiciatis officia. Esse nam saepe expedita qui voluptas aut eveniet.', '4', '2018-05-11 09:38:45', '2018-05-11 09:38:45');
INSERT INTO `reviews` VALUES ('109', '41', 'Mrs. Antonina Hauck', 'Autem et neque molestiae labore cupiditate optio. Consequatur recusandae omnis sequi ut quidem molestiae. Nihil necessitatibus repellendus id nulla necessitatibus architecto omnis.', '1', '2018-05-11 09:38:45', '2018-05-11 09:38:45');
INSERT INTO `reviews` VALUES ('110', '16', 'Eve Dickinson', 'Et autem quidem assumenda enim velit et. Quo eligendi eos sit occaecati dolorem magni. Quis dolore et officiis aperiam qui est aliquid pariatur.', '1', '2018-05-11 09:38:45', '2018-05-11 09:38:45');
INSERT INTO `reviews` VALUES ('111', '11', 'Mrs. Annabelle Keebler', 'Placeat repudiandae nam quaerat saepe. Officia excepturi occaecati occaecati non aut molestiae quo.', '4', '2018-05-11 09:38:45', '2018-05-11 09:38:45');
INSERT INTO `reviews` VALUES ('112', '5', 'Elise Aufderhar', 'Esse reprehenderit nam et eum aut. Corrupti rerum aspernatur dolores quia. Saepe quas qui temporibus sint.', '1', '2018-05-11 09:38:45', '2018-05-11 09:38:45');
INSERT INTO `reviews` VALUES ('113', '8', 'Mr. Nicolas Kuhlman V', 'Id doloremque vel incidunt eos voluptatem quae. Totam fugit dolore vero velit cum. Labore nulla rerum esse.', '3', '2018-05-11 09:38:45', '2018-05-11 09:38:45');
INSERT INTO `reviews` VALUES ('114', '33', 'Mr. Lesley Ruecker', 'Atque voluptas sunt incidunt ex laudantium et cupiditate. Est et consequatur quo ratione eveniet quis. Explicabo ut necessitatibus autem ipsa non maiores non.', '5', '2018-05-11 09:38:45', '2018-05-11 09:38:45');
INSERT INTO `reviews` VALUES ('115', '12', 'Nichole Miller', 'Sed est vero veniam et voluptatem dolorum alias. Eum non harum assumenda alias dolores. Nulla modi facere qui ea.', '1', '2018-05-11 09:38:45', '2018-05-11 09:38:45');
INSERT INTO `reviews` VALUES ('116', '41', 'Mr. Jayme Kiehn', 'Culpa sint earum eum deserunt est aut. Suscipit cupiditate minus ut velit est et. Vitae nulla est voluptatum molestiae cum nihil doloremque quaerat. Iste fuga fugiat alias sequi molestiae. Cupiditate id tempore similique quis ratione beatae.', '5', '2018-05-11 09:38:45', '2018-05-11 09:38:45');
INSERT INTO `reviews` VALUES ('117', '40', 'Marc Wilderman III', 'Et tempora molestiae optio. In voluptates qui tempore fugiat ratione est. Non et totam voluptas est excepturi accusamus rerum. Repudiandae deserunt repellendus voluptas.', '5', '2018-05-11 09:38:45', '2018-05-11 09:38:45');
INSERT INTO `reviews` VALUES ('118', '6', 'Valentina Krajcik Sr.', 'Quia voluptatem error vero voluptatum et voluptas. Quam error soluta optio itaque perferendis. Suscipit rerum nisi eaque necessitatibus. Molestiae harum id itaque consectetur. Qui suscipit corrupti cupiditate dolorum doloribus.', '5', '2018-05-11 09:38:45', '2018-05-11 09:38:45');
INSERT INTO `reviews` VALUES ('119', '21', 'Norberto Walker', 'Quidem sint ducimus maiores ipsam laboriosam ipsa ullam. Quisquam a quisquam suscipit amet non sunt vitae. Voluptatem id fuga enim sed.', '0', '2018-05-11 09:38:45', '2018-05-11 09:38:45');
INSERT INTO `reviews` VALUES ('120', '40', 'Taylor Kshlerin', 'Reprehenderit rem dignissimos sint iusto blanditiis iusto perspiciatis aliquam. Culpa itaque unde sequi voluptatem laudantium. Rerum quibusdam ut ut libero deserunt quam. Sapiente et non culpa reprehenderit velit.', '4', '2018-05-11 09:38:45', '2018-05-11 09:38:45');
INSERT INTO `reviews` VALUES ('121', '45', 'Emelia Renner', 'Ex omnis rerum saepe aliquam. Reiciendis natus iusto sed ipsum. Molestiae modi beatae officia beatae. Eaque asperiores expedita rerum quasi.', '4', '2018-05-11 09:38:46', '2018-05-11 09:38:46');
INSERT INTO `reviews` VALUES ('122', '46', 'Mylene Boyle IV', 'Ut laborum aliquam deserunt cum. Consequatur doloribus nihil ea. Est dolore eos in fugit. Facere nulla at cumque delectus nihil beatae velit aliquid. Occaecati omnis sed suscipit commodi vel non.', '0', '2018-05-11 09:38:46', '2018-05-11 09:38:46');
INSERT INTO `reviews` VALUES ('123', '10', 'Mack King Jr.', 'Esse sunt dolor ut placeat dicta nihil tenetur similique. Deserunt accusantium praesentium sit. Quas id autem excepturi aperiam in est autem. Sint in vel dignissimos repellendus hic. Id rerum veritatis nemo debitis non et.', '0', '2018-05-11 09:38:46', '2018-05-11 09:38:46');
INSERT INTO `reviews` VALUES ('124', '3', 'Serenity Schoen Jr.', 'Deserunt ut qui et quibusdam dolores. Culpa aut natus voluptas quisquam quis earum. Dignissimos aliquam voluptas qui. Minus minima beatae veritatis et ea.', '2', '2018-05-11 09:38:46', '2018-05-11 09:38:46');
INSERT INTO `reviews` VALUES ('125', '31', 'Emmitt Altenwerth', 'At quam a et asperiores dignissimos. Dolore sapiente assumenda fugiat est consequatur nemo sunt beatae. Velit et similique quas ipsum. Eum reiciendis rem nesciunt maxime.', '4', '2018-05-11 09:38:46', '2018-05-11 09:38:46');
INSERT INTO `reviews` VALUES ('126', '45', 'Mr. Jarrod Trantow', 'Dolorum inventore occaecati aliquam quas dicta. Dolorum harum temporibus veniam quisquam dolor esse.', '1', '2018-05-11 09:38:46', '2018-05-11 09:38:46');
INSERT INTO `reviews` VALUES ('127', '39', 'Dr. Breana Steuber', 'Id dolorem vero doloribus et laboriosam accusamus commodi. Ipsam veniam asperiores eos id voluptatem at. Aut et facere fugiat nesciunt et. Odio sequi sed velit. Architecto porro corrupti consequatur.', '5', '2018-05-11 09:38:46', '2018-05-11 09:38:46');
INSERT INTO `reviews` VALUES ('128', '47', 'Emmet Kautzer', 'Ratione quidem sit quia deleniti enim assumenda. Aspernatur dolorum consectetur occaecati modi optio tempore. Quis aut qui nesciunt ut esse non ducimus.', '5', '2018-05-11 09:38:46', '2018-05-11 09:38:46');
INSERT INTO `reviews` VALUES ('129', '41', 'Ms. Joelle Harber II', 'Cumque eligendi enim sint sunt non repudiandae. Perferendis ut molestias aut similique. A magnam sint pariatur vel tempore error.', '3', '2018-05-11 09:38:46', '2018-05-11 09:38:46');
INSERT INTO `reviews` VALUES ('130', '43', 'Zackery Casper', 'Sint velit autem rerum blanditiis. Illo a a dolore est officiis doloribus quidem ipsam.', '2', '2018-05-11 09:38:46', '2018-05-11 09:38:46');
INSERT INTO `reviews` VALUES ('131', '37', 'Miss Shanelle Mitchell DDS', 'Omnis eligendi fugiat et quo alias esse. Incidunt ipsa qui facilis et totam. Explicabo architecto quo maiores nam. Reiciendis non omnis qui sed.', '5', '2018-05-11 09:38:46', '2018-05-11 09:38:46');
INSERT INTO `reviews` VALUES ('132', '34', 'Nathen Bernhard', 'Aut veritatis repudiandae qui accusamus unde. Et officia eos maxime voluptatem voluptatibus in molestias quaerat. Quidem optio voluptates voluptatem temporibus.', '3', '2018-05-11 09:38:46', '2018-05-11 09:38:46');
INSERT INTO `reviews` VALUES ('133', '16', 'Miss Tania Wehner II', 'Ducimus iure quidem aut aut. Sequi quisquam atque et error tempora.', '1', '2018-05-11 09:38:46', '2018-05-11 09:38:46');
INSERT INTO `reviews` VALUES ('134', '7', 'Carol Stroman', 'Dolore eaque vel ex in. Accusamus non sint quia adipisci quis quae. Voluptatem explicabo quasi enim dolorem veritatis. Non fugit sit iusto pariatur soluta quo.', '1', '2018-05-11 09:38:46', '2018-05-11 09:38:46');
INSERT INTO `reviews` VALUES ('135', '33', 'Noah Zemlak IV', 'Et voluptas quam excepturi iste dolor. Occaecati quo quidem enim deserunt qui molestias atque. Qui aut error ut quia facere inventore aliquid.', '0', '2018-05-11 09:38:46', '2018-05-11 09:38:46');
INSERT INTO `reviews` VALUES ('136', '20', 'Ignacio Streich', 'Et iusto blanditiis similique excepturi voluptatibus dicta autem. Laboriosam ex natus est maiores impedit sit. Molestiae quisquam ratione laborum fugiat praesentium.', '1', '2018-05-11 09:38:46', '2018-05-11 09:38:46');
INSERT INTO `reviews` VALUES ('137', '41', 'Justen Padberg', 'Similique voluptatum exercitationem optio. Vel ipsam error culpa natus rerum cum.', '1', '2018-05-11 09:38:46', '2018-05-11 09:38:46');
INSERT INTO `reviews` VALUES ('138', '45', 'German Von III', 'Dolor officia ducimus ea recusandae ad laborum. Quibusdam porro aut natus consequatur. Omnis amet nulla cupiditate facere labore nihil placeat ut.', '2', '2018-05-11 09:38:46', '2018-05-11 09:38:46');
INSERT INTO `reviews` VALUES ('139', '18', 'Prof. Roman Sporer IV', 'Ullam fuga explicabo explicabo eaque ea. Veniam aliquid ad quia dolorum qui praesentium. Voluptatem illum libero sed consequatur ducimus libero consequatur enim. Incidunt quia id et accusamus possimus.', '5', '2018-05-11 09:38:46', '2018-05-11 09:38:46');
INSERT INTO `reviews` VALUES ('140', '4', 'Raphaelle Lebsack', 'Laudantium fuga ut explicabo rerum similique et. Consequatur et consequatur odit iusto. Aliquid earum id distinctio temporibus.', '2', '2018-05-11 09:38:46', '2018-05-11 09:38:46');
INSERT INTO `reviews` VALUES ('141', '43', 'Ernesto Hirthe', 'Velit eveniet repellendus consequuntur similique veniam debitis consequuntur quasi. Magnam maiores rerum magnam ut. Ut temporibus numquam quo nihil blanditiis eius velit. Ipsam sed modi cumque soluta ex a.', '3', '2018-05-11 09:38:46', '2018-05-11 09:38:46');
INSERT INTO `reviews` VALUES ('142', '18', 'Junius Nitzsche I', 'Voluptates est ut magnam voluptates. Mollitia dolores dolor eum quibusdam similique et neque. Vel dolor sed porro officiis. Consequuntur quis dolorum tempore doloribus tempore quae.', '4', '2018-05-11 09:38:46', '2018-05-11 09:38:46');
INSERT INTO `reviews` VALUES ('143', '5', 'Flo Rutherford', 'Libero fuga ex eius delectus est. Ullam amet sint sed voluptas. Cumque illum in doloremque est ipsam quo. Magnam earum quaerat fugit ut dicta neque iste.', '1', '2018-05-11 09:38:46', '2018-05-11 09:38:46');
INSERT INTO `reviews` VALUES ('144', '24', 'Mr. Jovan Toy IV', 'Quasi dolores assumenda dolor mollitia corporis earum quidem dolores. Voluptatem atque quidem in quae rerum. Aliquam iste sunt fugiat sit recusandae et eius.', '5', '2018-05-11 09:38:46', '2018-05-11 09:38:46');
INSERT INTO `reviews` VALUES ('145', '34', 'Brandy Schuppe', 'Quia sed iste iure sequi vitae autem tempora. Ipsa sapiente aliquid at et et corporis consequatur. Qui a amet ullam sint omnis.', '4', '2018-05-11 09:38:46', '2018-05-11 09:38:46');
INSERT INTO `reviews` VALUES ('146', '33', 'Kavon Powlowski', 'Nostrum ducimus quaerat dolor temporibus at. Consectetur sit ipsa harum quaerat. A nam voluptatum soluta. Recusandae modi eum occaecati quis nulla ad debitis est.', '2', '2018-05-11 09:38:46', '2018-05-11 09:38:46');
INSERT INTO `reviews` VALUES ('147', '8', 'Miss Lenore Streich', 'Eum debitis molestiae eos beatae. Consequatur aut velit necessitatibus. Sequi voluptatem voluptates vel eaque saepe et. Aut incidunt nostrum minima odio fugiat impedit facilis.', '2', '2018-05-11 09:38:46', '2018-05-11 09:38:46');
INSERT INTO `reviews` VALUES ('148', '21', 'Mr. Nels Adams', 'Soluta quia nostrum sit modi est at temporibus accusamus. Repudiandae quia ut quidem laboriosam est.', '0', '2018-05-11 09:38:46', '2018-05-11 09:38:46');
INSERT INTO `reviews` VALUES ('149', '32', 'Joannie Little', 'Corporis quia cupiditate quibusdam asperiores. Dolorem placeat est suscipit est. Soluta deserunt laborum totam quasi vel blanditiis.', '5', '2018-05-11 09:38:46', '2018-05-11 09:38:46');
INSERT INTO `reviews` VALUES ('150', '35', 'Jay Ledner', 'Nesciunt aut adipisci expedita. Nulla nulla non corrupti molestiae eaque dolorem.', '1', '2018-05-11 09:38:46', '2018-05-11 09:38:46');
INSERT INTO `reviews` VALUES ('151', '45', 'Reta Feest', 'Quibusdam voluptatem dolorem ut pariatur non consectetur. Earum exercitationem voluptatum facilis eligendi hic est ut. Pariatur neque dolorum alias odio alias quis laborum. Fuga ex aut id.', '4', '2018-05-11 09:38:46', '2018-05-11 09:38:46');
INSERT INTO `reviews` VALUES ('152', '41', 'Dandre Frami', 'Aut perspiciatis tempora totam. Perspiciatis illo quo doloribus molestiae. Exercitationem dolor quidem fuga ut aliquam cum et. Optio ipsam rerum aliquam fugit aut quam.', '4', '2018-05-11 09:38:46', '2018-05-11 09:38:46');
INSERT INTO `reviews` VALUES ('153', '5', 'Eulalia Vandervort', 'Ratione nisi excepturi voluptatem enim minus. Voluptatem odit omnis reprehenderit quis esse rerum veritatis. Qui corporis maiores in consectetur asperiores.', '4', '2018-05-11 09:38:46', '2018-05-11 09:38:46');
INSERT INTO `reviews` VALUES ('154', '20', 'Dr. Lourdes Ritchie', 'Porro quia numquam itaque voluptatem. Itaque occaecati odio non non nulla in totam qui.', '3', '2018-05-11 09:38:46', '2018-05-11 09:38:46');
INSERT INTO `reviews` VALUES ('155', '23', 'Arely Schuppe', 'Maxime itaque repellendus repudiandae hic rerum. Nihil recusandae provident consequatur et. Vel aut aut autem sequi ab et quo consequuntur. Sit repellat a soluta ullam qui.', '1', '2018-05-11 09:38:47', '2018-05-11 09:38:47');
INSERT INTO `reviews` VALUES ('156', '38', 'Camron Emard', 'Pariatur explicabo vitae officiis provident eum ipsa sequi. Natus voluptatum sequi expedita sunt quo molestiae quia. Ea quia sed quia laboriosam ut sed enim. Libero nostrum a laborum voluptas fugiat tenetur aut quia.', '0', '2018-05-11 09:38:47', '2018-05-11 09:38:47');
INSERT INTO `reviews` VALUES ('157', '2', 'Mr. Scottie Greenholt', 'Voluptatem numquam aut reprehenderit nostrum. Corporis rerum consequatur ea autem eos est cumque.', '3', '2018-05-11 09:38:47', '2018-05-11 09:38:47');
INSERT INTO `reviews` VALUES ('158', '8', 'Braxton Durgan PhD', 'Itaque et ut odit. Non magnam est sapiente eligendi reprehenderit optio dolore. Iure iure ducimus ducimus excepturi. Voluptatibus natus sint numquam.', '3', '2018-05-11 09:38:47', '2018-05-11 09:38:47');
INSERT INTO `reviews` VALUES ('159', '38', 'Dr. Quentin Howe', 'Temporibus tempora voluptatem ut et soluta deleniti quis voluptas. Omnis consectetur tempore deleniti aspernatur aut dolorum. At quos at vel ipsa aliquid officia. Rem molestias dolorum ad autem voluptatum consequatur molestiae.', '1', '2018-05-11 09:38:47', '2018-05-11 09:38:47');
INSERT INTO `reviews` VALUES ('160', '33', 'Elfrieda Littel', 'Voluptatum doloremque qui itaque explicabo et tempore. Officia maiores est nihil voluptatum eos non. Architecto ipsam similique excepturi magni maxime. Necessitatibus sint facere esse est expedita voluptatibus consequatur.', '3', '2018-05-11 09:38:47', '2018-05-11 09:38:47');
INSERT INTO `reviews` VALUES ('161', '9', 'Prof. Lucious Farrell III', 'Voluptas voluptatibus rerum tempora culpa assumenda est corrupti. Quo repellendus expedita autem repellendus rerum. Et suscipit tempore rem aut quis cumque aperiam.', '4', '2018-05-11 09:38:47', '2018-05-11 09:38:47');
INSERT INTO `reviews` VALUES ('162', '28', 'Robbie Wisozk', 'Est molestiae qui dolor non voluptas. Id et voluptatem voluptate. Voluptas veniam et in magni.', '0', '2018-05-11 09:38:47', '2018-05-11 09:38:47');
INSERT INTO `reviews` VALUES ('163', '45', 'Pasquale Donnelly', 'Occaecati vero sapiente rerum animi nisi non officia iusto. Tempore non dolor nulla unde est. Eum optio eaque qui ratione illum. Accusantium eos officiis et.', '0', '2018-05-11 09:38:47', '2018-05-11 09:38:47');
INSERT INTO `reviews` VALUES ('164', '34', 'Mrs. Alexa Boyle', 'Quos deleniti omnis voluptatem dolores dolore nesciunt reiciendis. Qui perferendis suscipit id harum sunt nam voluptas unde. Aliquam facere qui et. Occaecati ab perspiciatis in beatae sit et.', '2', '2018-05-11 09:38:47', '2018-05-11 09:38:47');
INSERT INTO `reviews` VALUES ('165', '38', 'Aubrey Durgan', 'Debitis eaque laudantium nulla magnam repudiandae quibusdam omnis excepturi. Illo iste iusto rerum libero consequatur facere autem. Et suscipit vel sint in quae omnis. Enim veniam alias numquam sequi et voluptas animi culpa.', '5', '2018-05-11 09:38:47', '2018-05-11 09:38:47');
INSERT INTO `reviews` VALUES ('166', '6', 'Darius Kris', 'Accusantium dicta molestiae deserunt accusamus iure quia rerum. Architecto ut temporibus odio quia nisi quo occaecati. Quae aut harum blanditiis qui.', '4', '2018-05-11 09:38:47', '2018-05-11 09:38:47');
INSERT INTO `reviews` VALUES ('167', '50', 'Robyn Casper', 'Praesentium sed et sed rem iure minima. Quod ut cumque sint ut. Totam tenetur a voluptas et et et est. Eos est hic assumenda sunt similique dolore architecto. Quisquam a assumenda doloremque id accusantium molestiae.', '1', '2018-05-11 09:38:47', '2018-05-11 09:38:47');
INSERT INTO `reviews` VALUES ('168', '17', 'Dr. Frederic Gislason V', 'Atque quia quae inventore quia. Praesentium et ut adipisci eos neque odio odio mollitia.', '4', '2018-05-11 09:38:47', '2018-05-11 09:38:47');
INSERT INTO `reviews` VALUES ('169', '50', 'Dr. Loraine Dach DDS', 'Consequatur assumenda sit voluptates tenetur debitis. Animi inventore tempore qui quaerat vitae voluptatem. Ut doloremque quibusdam natus.', '0', '2018-05-11 09:38:47', '2018-05-11 09:38:47');
INSERT INTO `reviews` VALUES ('170', '46', 'Marisol Bogan', 'Quos ut tenetur itaque beatae. Voluptates ab quia cum optio dolorum atque eum.', '5', '2018-05-11 09:38:47', '2018-05-11 09:38:47');
INSERT INTO `reviews` VALUES ('171', '28', 'Brock D\'Amore', 'Dicta nam dolores nihil. Doloremque eligendi perferendis similique labore nesciunt. Omnis excepturi rem neque aperiam. Ipsa repellendus voluptates quia doloremque animi.', '4', '2018-05-11 09:38:47', '2018-05-11 09:38:47');
INSERT INTO `reviews` VALUES ('172', '33', 'Jake Abbott', 'Nihil deleniti aut blanditiis dolor porro. Dolores placeat quod tenetur quia voluptatum dolores. Maiores accusamus nulla quam sed molestiae. Excepturi tenetur est cupiditate sunt quia nesciunt non.', '3', '2018-05-11 09:38:47', '2018-05-11 09:38:47');
INSERT INTO `reviews` VALUES ('173', '25', 'Zola Kautzer', 'Cumque temporibus in sit et optio. Quia consequatur voluptas similique et repellendus accusamus modi. Et mollitia sit non magnam odio voluptatem ut. Maxime excepturi nostrum sit est quod est est.', '2', '2018-05-11 09:38:47', '2018-05-11 09:38:47');
INSERT INTO `reviews` VALUES ('174', '36', 'Bobbie Boehm', 'Ab iste aut amet vel qui quae. Aut sit quia amet odio. Ea suscipit impedit quos doloremque placeat quaerat. Eligendi molestiae culpa laborum soluta commodi.', '0', '2018-05-11 09:38:47', '2018-05-11 09:38:47');
INSERT INTO `reviews` VALUES ('175', '32', 'Dalton Herzog', 'Tenetur aut ratione iure labore minus eveniet optio. Porro velit qui autem occaecati similique dolorem. Assumenda facilis vitae cupiditate consectetur assumenda dolor.', '4', '2018-05-11 09:38:47', '2018-05-11 09:38:47');
INSERT INTO `reviews` VALUES ('176', '39', 'Annette Yost I', 'Sit rerum rerum quae sint blanditiis. Officia facilis aperiam doloremque distinctio est quae accusantium. Numquam hic reprehenderit deserunt omnis. Accusamus sapiente provident vel eaque.', '1', '2018-05-11 09:38:47', '2018-05-11 09:38:47');
INSERT INTO `reviews` VALUES ('177', '41', 'Verla Rosenbaum DDS', 'Sed eius commodi est aspernatur et doloribus. Dolore ad deserunt vel et ab. Ut beatae voluptas dolore in sed nemo est. Blanditiis nostrum necessitatibus qui asperiores.', '3', '2018-05-11 09:38:47', '2018-05-11 09:38:47');
INSERT INTO `reviews` VALUES ('178', '2', 'Prof. Camron Beer PhD', 'Dolore voluptate inventore commodi suscipit sit quis omnis. Quia nobis tempore repellendus dolorem quibusdam eos. Vero repellat et eaque quam ut nisi repellat. Sed perspiciatis quod voluptas non aspernatur vero quaerat et. Ut recusandae dolorem placeat at.', '2', '2018-05-11 09:38:47', '2018-05-11 09:38:47');
INSERT INTO `reviews` VALUES ('179', '21', 'Josh Ondricka', 'Dignissimos repellendus consectetur fugit ea ex voluptate. Excepturi culpa qui aut ut saepe dolor veniam. Maxime soluta animi earum fuga. Ut blanditiis labore dicta. Eos quaerat illum laboriosam aut exercitationem.', '0', '2018-05-11 09:38:47', '2018-05-11 09:38:47');
INSERT INTO `reviews` VALUES ('180', '49', 'Mrs. Lilly Ritchie III', 'Eos rem voluptate et iste eum autem odit. Qui mollitia id aut. Consequuntur consectetur consequatur pariatur ut aut officia sed. Qui voluptate est aut aspernatur.', '5', '2018-05-11 09:38:47', '2018-05-11 09:38:47');
INSERT INTO `reviews` VALUES ('181', '27', 'Cyrus Aufderhar', 'Molestias dolore tempore perspiciatis tenetur quas inventore commodi. Molestiae deserunt qui veritatis quia eos. Laboriosam rerum vel fugiat et. Molestias natus voluptate sapiente est.', '4', '2018-05-11 09:38:47', '2018-05-11 09:38:47');
INSERT INTO `reviews` VALUES ('182', '37', 'Christina Mitchell', 'Non qui incidunt nihil voluptatem. Fugiat qui enim ea dolor pariatur esse. Iure ut repudiandae corrupti voluptas et molestias. Excepturi corporis beatae quo et consequuntur aperiam.', '5', '2018-05-11 09:38:47', '2018-05-11 09:38:47');
INSERT INTO `reviews` VALUES ('183', '43', 'Abbigail Reichert', 'Inventore recusandae voluptatibus minus delectus. Ut ducimus consequatur omnis repellendus. Non repellat ea hic sit itaque possimus. Voluptate placeat sunt vero labore ab ad voluptas laborum.', '4', '2018-05-11 09:38:47', '2018-05-11 09:38:47');
INSERT INTO `reviews` VALUES ('184', '12', 'Keith Mosciski', 'Deserunt impedit qui expedita sequi cum incidunt et. Totam non eum odio beatae et natus consequatur. Et velit nihil voluptatum voluptates exercitationem ut.', '2', '2018-05-11 09:38:47', '2018-05-11 09:38:47');
INSERT INTO `reviews` VALUES ('185', '2', 'Prof. Alexandro Huels IV', 'Adipisci est ea in et ipsa ut. Et qui reiciendis voluptatem impedit autem numquam id autem. Sint in hic quis distinctio.', '4', '2018-05-11 09:38:47', '2018-05-11 09:38:47');
INSERT INTO `reviews` VALUES ('186', '15', 'Dock Schaefer', 'Incidunt ex omnis enim. Suscipit error qui voluptatibus. Numquam beatae tempore quidem. Quae et ad provident commodi voluptatem accusantium modi expedita.', '4', '2018-05-11 09:38:48', '2018-05-11 09:38:48');
INSERT INTO `reviews` VALUES ('187', '22', 'Mrs. Georgiana Mohr IV', 'Vitae doloribus velit blanditiis vero aspernatur. Praesentium qui sed aspernatur placeat. Exercitationem error temporibus laborum eos quia aspernatur.', '5', '2018-05-11 09:38:48', '2018-05-11 09:38:48');
INSERT INTO `reviews` VALUES ('188', '41', 'Oliver Gibson', 'Dolor rerum et molestiae velit est. Sint alias est voluptates hic. Molestiae ut sunt enim temporibus excepturi cum. Velit odio molestiae facilis dolor molestiae officia.', '5', '2018-05-11 09:38:48', '2018-05-11 09:38:48');
INSERT INTO `reviews` VALUES ('189', '29', 'Constantin Auer PhD', 'Sed dolorem sapiente dolores voluptas minima laboriosam enim ipsum. Quisquam corrupti itaque veniam maxime. Id eaque animi eum corrupti sint. Nam omnis enim nihil quis ut vel iure at.', '3', '2018-05-11 09:38:48', '2018-05-11 09:38:48');
INSERT INTO `reviews` VALUES ('190', '39', 'Prof. Claud Erdman I', 'Id sapiente repellat magnam est expedita aut. Dolorum quam eum id. Sint odit eius nulla porro nostrum. Dicta ut et rerum dolore quia modi.', '2', '2018-05-11 09:38:48', '2018-05-11 09:38:48');
INSERT INTO `reviews` VALUES ('191', '14', 'Mr. Marcus Metz II', 'Dicta molestiae qui quia nulla voluptas porro. Ex necessitatibus ut et voluptatem. Qui distinctio quia cumque nihil magni magnam nulla.', '0', '2018-05-11 09:38:48', '2018-05-11 09:38:48');
INSERT INTO `reviews` VALUES ('192', '20', 'Mr. Arnulfo Ritchie V', 'Eius suscipit est enim quibusdam. Pariatur repellendus quidem sit excepturi aut. Quia aut consequuntur delectus sequi aut.', '3', '2018-05-11 09:38:48', '2018-05-11 09:38:48');
INSERT INTO `reviews` VALUES ('193', '25', 'Dr. Lance Pfeffer MD', 'Repudiandae animi mollitia natus voluptate quia repellendus magnam sit. Est tenetur alias doloremque et doloremque. Et voluptas et ut voluptas saepe.', '2', '2018-05-11 09:38:48', '2018-05-11 09:38:48');
INSERT INTO `reviews` VALUES ('194', '8', 'Mr. Justen Buckridge', 'Est accusamus quo asperiores eveniet aut delectus. Facilis iste laborum perspiciatis et eos sunt qui. Earum sed sint delectus voluptatum necessitatibus voluptates.', '5', '2018-05-11 09:38:48', '2018-05-11 09:38:48');
INSERT INTO `reviews` VALUES ('195', '12', 'Donna Gutmann', 'Eius dolores quibusdam sapiente ad ut. Dignissimos nisi ad qui id nobis. Dolore et aspernatur voluptas dolores dolorum.', '2', '2018-05-11 09:38:48', '2018-05-11 09:38:48');
INSERT INTO `reviews` VALUES ('196', '11', 'Mr. Colten Farrell Sr.', 'Quam doloribus odio quia velit a. Id dolorem voluptate rerum sit sit architecto. Quod sed adipisci recusandae velit voluptatem.', '1', '2018-05-11 09:38:48', '2018-05-11 09:38:48');
INSERT INTO `reviews` VALUES ('197', '50', 'Sasha Emmerich', 'Rem qui nemo alias excepturi at nihil ut. Natus alias animi architecto. Distinctio delectus vel occaecati. Debitis aut adipisci reprehenderit ad.', '3', '2018-05-11 09:38:48', '2018-05-11 09:38:48');
INSERT INTO `reviews` VALUES ('198', '10', 'Candace Buckridge', 'Quis cupiditate iure rerum quo. Ab ut fugiat ut eveniet dolor quo rerum. Reprehenderit qui minima aut explicabo ea reprehenderit quibusdam.', '1', '2018-05-11 09:38:48', '2018-05-11 09:38:48');
INSERT INTO `reviews` VALUES ('199', '28', 'Chad Deckow', 'In eum sint vitae sint iusto repellat optio. In repudiandae facilis qui aspernatur commodi voluptatum debitis.', '3', '2018-05-11 09:38:48', '2018-05-11 09:38:48');
INSERT INTO `reviews` VALUES ('200', '14', 'Mikayla Stoltenberg', 'Omnis eveniet molestias quasi consequatur nihil consequuntur consequatur. Est perferendis dicta nulla earum hic et. Voluptatem culpa alias et eum eaque debitis officia a. Et dignissimos est voluptas saepe qui.', '4', '2018-05-11 09:38:48', '2018-05-11 09:38:48');
INSERT INTO `reviews` VALUES ('201', '25', 'Ms. Jackie Nader DDS', 'Repellendus nam qui facere ut praesentium quia. Laboriosam deleniti tenetur qui asperiores. Id amet et ratione maxime omnis quia alias placeat. Ratione placeat praesentium qui tenetur.', '5', '2018-05-11 09:38:48', '2018-05-11 09:38:48');
INSERT INTO `reviews` VALUES ('202', '26', 'Marguerite Lindgren', 'Sint voluptatem et est voluptatum. Fuga sit non eaque. Consequuntur repellendus voluptate est.', '3', '2018-05-11 09:38:48', '2018-05-11 09:38:48');
INSERT INTO `reviews` VALUES ('203', '30', 'Dr. Ward Berge II', 'Iusto ab adipisci vero provident amet eos. Rerum accusamus eligendi consequatur necessitatibus aliquam et. Quo deserunt ut aliquam odit sint nihil qui. Qui iste minima fuga dolorem quia numquam et occaecati.', '4', '2018-05-11 09:38:48', '2018-05-11 09:38:48');
INSERT INTO `reviews` VALUES ('204', '9', 'Miss Gracie Funk', 'Corporis sunt molestiae ut. Debitis nulla ut ea aperiam ea.', '0', '2018-05-11 09:38:48', '2018-05-11 09:38:48');
INSERT INTO `reviews` VALUES ('205', '1', 'Noemi Klocko I', 'Cum delectus harum iste repellendus. Culpa unde sunt libero maiores sed et. Dolorem est eos voluptatem consectetur aut porro veritatis.', '0', '2018-05-11 09:38:48', '2018-05-11 09:38:48');
INSERT INTO `reviews` VALUES ('206', '18', 'Ada Daugherty', 'Et voluptatem recusandae eaque. Quas ipsa enim delectus nesciunt eligendi. Consequatur eum consequuntur non et.', '1', '2018-05-11 09:38:48', '2018-05-11 09:38:48');
INSERT INTO `reviews` VALUES ('207', '34', 'Finn Ernser', 'Assumenda dolorem et minima earum. Non et repellendus iusto eos. Nesciunt aut blanditiis doloremque sit dolorem ex. Vel nulla qui nisi possimus quia praesentium et.', '3', '2018-05-11 09:38:48', '2018-05-11 09:38:48');
INSERT INTO `reviews` VALUES ('208', '24', 'Carleton Padberg', 'Quasi nulla voluptatum at omnis est. Qui qui non harum perspiciatis dolores est. Inventore veritatis soluta a atque velit in.', '1', '2018-05-11 09:38:48', '2018-05-11 09:38:48');
INSERT INTO `reviews` VALUES ('209', '20', 'Ansley Wisozk', 'Voluptatem accusantium eligendi ut officia ab voluptatem a. Eos eveniet temporibus dolores. Ratione assumenda id aut vitae nihil. Autem molestias repudiandae rerum officia explicabo quis ut.', '5', '2018-05-11 09:38:48', '2018-05-11 09:38:48');
INSERT INTO `reviews` VALUES ('210', '24', 'Miss Violette Jerde DVM', 'Est quae explicabo voluptas rerum. Ut recusandae delectus temporibus eum quidem. Earum et sint expedita rem. Cumque excepturi sit consequatur rerum dolore sequi.', '4', '2018-05-11 09:38:48', '2018-05-11 09:38:48');
INSERT INTO `reviews` VALUES ('211', '40', 'Rusty Jacobs', 'Illum quod esse est sint molestias reiciendis. Explicabo nihil vitae minus vel eos dolores totam exercitationem. Sint in ducimus eum. Aut et temporibus velit omnis. Possimus neque earum qui possimus nesciunt rem fuga.', '2', '2018-05-11 09:38:48', '2018-05-11 09:38:48');
INSERT INTO `reviews` VALUES ('212', '24', 'Maximillian Kuvalis', 'Minus labore in eveniet velit rerum cumque voluptates. Id dolor vero quia hic id.', '2', '2018-05-11 09:38:48', '2018-05-11 09:38:48');
INSERT INTO `reviews` VALUES ('213', '14', 'Amina Bins', 'Facere nobis eaque cumque exercitationem quas. Sunt voluptatem reiciendis qui. Non sed dolorem in et et.', '0', '2018-05-11 09:38:48', '2018-05-11 09:38:48');
INSERT INTO `reviews` VALUES ('214', '2', 'Ms. Sincere Kuhn V', 'Sit atque quia natus nesciunt ad. Quibusdam exercitationem debitis nobis alias. Corporis tempora est ut nemo. Sit sint iure ad quasi et et pariatur.', '1', '2018-05-11 09:38:48', '2018-05-11 09:38:48');
INSERT INTO `reviews` VALUES ('215', '40', 'Mr. Marcelino Pfannerstill V', 'Quod perferendis quisquam vel perferendis magni. Est aliquam odit necessitatibus fuga. Rerum quo deserunt eius architecto eum blanditiis vero.', '2', '2018-05-11 09:38:48', '2018-05-11 09:38:48');
INSERT INTO `reviews` VALUES ('216', '2', 'Zechariah Durgan', 'Et tenetur velit impedit iure ad ut. Iste voluptas minus molestiae saepe impedit odit vero. Temporibus consectetur non deleniti minima delectus et.', '1', '2018-05-11 09:38:48', '2018-05-11 09:38:48');
INSERT INTO `reviews` VALUES ('217', '28', 'Miss Zora Olson', 'Quaerat est culpa quos iure hic ipsa. Minus aliquam sint illo perspiciatis veritatis nesciunt amet. Non vero optio vitae rerum voluptas occaecati. Debitis nostrum blanditiis et et eos.', '4', '2018-05-11 09:38:48', '2018-05-11 09:38:48');
INSERT INTO `reviews` VALUES ('218', '41', 'Xavier Langworth', 'Nobis illum voluptatibus alias dolorum non et. Est sint quis tenetur tempora dolores sit asperiores aut. Repellat non tempora libero est non ipsam laboriosam.', '3', '2018-05-11 09:38:48', '2018-05-11 09:38:48');
INSERT INTO `reviews` VALUES ('219', '5', 'Prof. Ruth Daniel DDS', 'Perspiciatis voluptatibus ut et illum quisquam minus dolor voluptatibus. Labore eveniet soluta quos culpa sit consequuntur quos. At aspernatur reiciendis accusantium libero dolor laborum vel.', '0', '2018-05-11 09:38:48', '2018-05-11 09:38:48');
INSERT INTO `reviews` VALUES ('220', '5', 'Heloise Carter', 'Voluptas pariatur itaque quia laborum voluptas. Iste quia corrupti nihil molestiae repellendus voluptatum. Nobis sed numquam impedit voluptatibus.', '3', '2018-05-11 09:38:48', '2018-05-11 09:38:48');
INSERT INTO `reviews` VALUES ('221', '41', 'Verona Moore', 'Exercitationem non mollitia autem sed. Natus totam repudiandae nihil consequatur enim voluptas est. Saepe aut qui fugiat.', '2', '2018-05-11 09:38:48', '2018-05-11 09:38:48');
INSERT INTO `reviews` VALUES ('222', '4', 'Krystina Skiles', 'Iusto minus maxime omnis molestiae voluptas et repellendus. Eos velit velit commodi ea. Esse quo officiis et adipisci iusto natus sunt.', '4', '2018-05-11 09:38:48', '2018-05-11 09:38:48');
INSERT INTO `reviews` VALUES ('223', '43', 'Rosalyn Lynch', 'Repudiandae rerum at ab accusantium. Facere aut eos eum voluptate sit. Exercitationem aspernatur fugiat sint vitae necessitatibus aut. Et veniam dolor ut.', '1', '2018-05-11 09:38:49', '2018-05-11 09:38:49');
INSERT INTO `reviews` VALUES ('224', '33', 'Dr. Sadie Flatley', 'Modi necessitatibus id ullam itaque cumque. A exercitationem consequuntur quasi mollitia molestias temporibus non. Ea repellendus velit iusto et repudiandae quae.', '1', '2018-05-11 09:38:49', '2018-05-11 09:38:49');
INSERT INTO `reviews` VALUES ('225', '12', 'Madie Hoppe', 'Animi aspernatur eius dignissimos voluptate adipisci incidunt. Eos a est eum delectus beatae sunt facere. Asperiores error qui ipsum blanditiis laudantium quis asperiores maiores.', '4', '2018-05-11 09:38:49', '2018-05-11 09:38:49');
INSERT INTO `reviews` VALUES ('226', '17', 'Walker Ferry', 'Cupiditate voluptates laudantium perferendis voluptate velit fugit. Fugit sit illo qui. Reiciendis nobis vel non voluptatem iste rerum officiis.', '2', '2018-05-11 09:38:49', '2018-05-11 09:38:49');
INSERT INTO `reviews` VALUES ('227', '30', 'Savannah O\'Keefe I', 'Saepe dolore ipsam rerum veniam blanditiis velit earum. Tempore at ea voluptas modi expedita est quia. Necessitatibus temporibus vero ut quos voluptas dolorem iste.', '3', '2018-05-11 09:38:49', '2018-05-11 09:38:49');
INSERT INTO `reviews` VALUES ('228', '13', 'Dr. Floyd Hickle MD', 'Tempora excepturi praesentium vero fuga quia magnam. Ut aperiam sapiente consequuntur facilis. Placeat laudantium dolorem adipisci doloribus consequatur eos quos sed. Ut animi eius fugit qui porro qui.', '3', '2018-05-11 09:38:49', '2018-05-11 09:38:49');
INSERT INTO `reviews` VALUES ('229', '31', 'Myrtle Macejkovic III', 'Ratione totam molestias quae magni cumque. Eius quam voluptatum harum placeat enim. Quam in magni tenetur harum libero quidem voluptas molestias.', '2', '2018-05-11 09:38:49', '2018-05-11 09:38:49');
INSERT INTO `reviews` VALUES ('230', '38', 'Elijah Herzog', 'Omnis cumque autem suscipit sequi quia. Ipsam ipsa explicabo error provident enim corporis recusandae. Consequuntur sequi odio cum aut mollitia dolor modi.', '5', '2018-05-11 09:38:49', '2018-05-11 09:38:49');
INSERT INTO `reviews` VALUES ('231', '29', 'Westley Swift IV', 'Aut iure temporibus exercitationem ab repellat atque. Aut perferendis omnis fugiat consectetur soluta officiis voluptas dicta. Iusto fugiat qui cumque excepturi qui laborum quo itaque.', '2', '2018-05-11 09:38:49', '2018-05-11 09:38:49');
INSERT INTO `reviews` VALUES ('232', '14', 'Dr. Griffin Kuphal', 'Adipisci quis velit culpa impedit aut tempore minima. Quia quia nam et nihil est et qui. Quia repudiandae ipsa quia quo maxime sint et.', '4', '2018-05-11 09:38:49', '2018-05-11 09:38:49');
INSERT INTO `reviews` VALUES ('233', '39', 'Damon VonRueden', 'Eius ipsam molestiae omnis cumque tenetur et. Adipisci culpa animi distinctio. Voluptas nobis et eum optio dolorum.', '5', '2018-05-11 09:38:49', '2018-05-11 09:38:49');
INSERT INTO `reviews` VALUES ('234', '33', 'Rebekah Ratke', 'Laboriosam omnis error cupiditate maxime. Nostrum porro suscipit laboriosam totam accusantium ex. Autem natus cumque consequatur dolor corrupti a mollitia.', '5', '2018-05-11 09:38:49', '2018-05-11 09:38:49');
INSERT INTO `reviews` VALUES ('235', '14', 'Kathryne Ryan', 'Numquam occaecati cumque ipsa omnis nemo omnis. Occaecati et vel saepe blanditiis enim ut. Et adipisci cum neque ut sunt. Culpa sed iste dolor ullam.', '2', '2018-05-11 09:38:49', '2018-05-11 09:38:49');
INSERT INTO `reviews` VALUES ('236', '17', 'Alexandra Pouros', 'Inventore in dolor voluptate sit et ut. Quod aliquid et delectus iure. Officiis ullam est et nobis facilis rem blanditiis. Inventore at excepturi nesciunt.', '2', '2018-05-11 09:38:49', '2018-05-11 09:38:49');
INSERT INTO `reviews` VALUES ('237', '33', 'Kasandra Eichmann', 'Officia accusamus et rerum dicta sit. Rem quis ut aut. Omnis aliquam voluptas est aliquam.', '5', '2018-05-11 09:38:49', '2018-05-11 09:38:49');
INSERT INTO `reviews` VALUES ('238', '50', 'Guiseppe Miller', 'Voluptatum perferendis et tenetur qui. Molestiae fugit hic illo est accusantium ut. Natus labore nostrum animi qui dolorem sed consequatur. Consectetur assumenda incidunt voluptatem sapiente.', '3', '2018-05-11 09:38:49', '2018-05-11 09:38:49');
INSERT INTO `reviews` VALUES ('239', '33', 'Dr. Melody Mertz II', 'Et ea excepturi blanditiis beatae. Magnam aperiam minus enim nesciunt harum quo ipsam. Libero iusto nesciunt amet ut.', '1', '2018-05-11 09:38:49', '2018-05-11 09:38:49');
INSERT INTO `reviews` VALUES ('240', '39', 'Keyshawn Barrows', 'Exercitationem non consequuntur magnam aperiam nam sed autem. Id et dolores reiciendis est mollitia et qui. Quasi labore ab consequatur aut eum hic.', '5', '2018-05-11 09:38:49', '2018-05-11 09:38:49');
INSERT INTO `reviews` VALUES ('241', '47', 'Dr. Osvaldo Trantow Jr.', 'Pariatur aut veniam tenetur nobis ipsa. Inventore cupiditate voluptatibus ut est. Autem debitis velit occaecati officiis. Amet aliquid sed voluptates.', '4', '2018-05-11 09:38:49', '2018-05-11 09:38:49');
INSERT INTO `reviews` VALUES ('242', '38', 'Mr. Dameon Beahan', 'Ducimus delectus unde quod at. Enim enim atque earum quos non in. Repudiandae dolor aut eos placeat suscipit.', '5', '2018-05-11 09:38:49', '2018-05-11 09:38:49');
INSERT INTO `reviews` VALUES ('243', '20', 'Ms. Nichole Monahan II', 'Maiores est quo et. Ut et et voluptatibus natus. Delectus tenetur ea quia provident.', '0', '2018-05-11 09:38:49', '2018-05-11 09:38:49');
INSERT INTO `reviews` VALUES ('244', '41', 'Herta Bartell', 'Optio quisquam sit repellendus saepe praesentium. Repellendus dolorem quia rem provident. Veniam quia rerum quidem occaecati. Dolores ipsa aliquam odio dolorum modi necessitatibus.', '5', '2018-05-11 09:38:49', '2018-05-11 09:38:49');
INSERT INTO `reviews` VALUES ('245', '1', 'Veronica Fritsch PhD', 'Delectus deleniti quibusdam iste est ut dolores necessitatibus. Nihil doloribus maxime et quae. Aut qui officiis ipsam ut.', '4', '2018-05-11 09:38:49', '2018-05-11 09:38:49');
INSERT INTO `reviews` VALUES ('246', '8', 'Ms. Cassandra Bogan V', 'Est ex sit et id iusto illum et. Veniam dolores excepturi mollitia debitis autem expedita quo porro. Omnis rerum libero velit amet iste consequatur sunt illo.', '1', '2018-05-11 09:38:49', '2018-05-11 09:38:49');
INSERT INTO `reviews` VALUES ('247', '24', 'Miss Amira Deckow', 'Repellendus accusamus soluta sed. Amet expedita possimus nemo ipsa. Quibusdam ut perferendis earum perferendis qui quis. Animi et fuga et ut minima quasi. Ut enim minus consequatur autem voluptatem cumque.', '4', '2018-05-11 09:38:49', '2018-05-11 09:38:49');
INSERT INTO `reviews` VALUES ('248', '26', 'Prof. Orlando Windler DVM', 'Explicabo omnis officiis saepe. Unde est neque est voluptatem fuga et. Modi necessitatibus harum temporibus exercitationem. Et at officiis ea esse velit voluptates qui.', '3', '2018-05-11 09:38:49', '2018-05-11 09:38:49');
INSERT INTO `reviews` VALUES ('249', '41', 'Prof. Jennifer Hessel', 'Sequi aspernatur iusto quam neque optio fugit. Commodi iusto mollitia saepe id ut. Voluptatum veritatis doloribus sit. Omnis non officia enim quo.', '1', '2018-05-11 09:38:49', '2018-05-11 09:38:49');
INSERT INTO `reviews` VALUES ('250', '24', 'Shaniya Schuppe', 'Aut maxime et eum repellendus ut quod. Sunt qui temporibus dolorem explicabo dicta. Quis distinctio recusandae architecto consequuntur rerum ipsam. Corporis quia velit id ea ipsum tenetur at ea. Error aut placeat suscipit.', '2', '2018-05-11 09:38:49', '2018-05-11 09:38:49');
INSERT INTO `reviews` VALUES ('251', '29', 'Sim Donnelly', 'Rerum hic sint enim exercitationem autem accusamus amet est. Eum fugiat iure dolores ullam ab. Ex dolorum voluptates optio. Quas doloremque aut dolorum optio placeat dicta repudiandae illum.', '2', '2018-05-11 09:38:49', '2018-05-11 09:38:49');
INSERT INTO `reviews` VALUES ('252', '27', 'Miss Irma Hermann II', 'Libero consequatur sapiente deleniti dolorem omnis similique. Iusto numquam a tempore dolor rem sequi rerum. Veniam corporis veniam eveniet molestiae asperiores.', '5', '2018-05-11 09:38:49', '2018-05-11 09:38:49');
INSERT INTO `reviews` VALUES ('253', '18', 'Aurelie Herman', 'Alias ut id facere debitis. Impedit repellendus repellendus et sed. Ut atque doloremque ullam dolorem eos. Sit quibusdam distinctio quo ut.', '0', '2018-05-11 09:38:49', '2018-05-11 09:38:49');
INSERT INTO `reviews` VALUES ('254', '2', 'Joany Prohaska', 'Animi animi occaecati eum fuga dignissimos necessitatibus. Impedit odit placeat impedit harum occaecati non vel. Quidem ut tempore ab est earum vel. Quidem occaecati omnis et itaque voluptatem. Consequatur alias tempore est officia in quo.', '2', '2018-05-11 09:38:49', '2018-05-11 09:38:49');
INSERT INTO `reviews` VALUES ('255', '42', 'Pat Purdy', 'Quia qui id officia quidem. Qui iusto sint qui et doloremque maiores repudiandae. Sit autem molestiae eius consequatur iste veniam harum. Sunt qui nam vitae aliquid.', '4', '2018-05-11 09:38:49', '2018-05-11 09:38:49');
INSERT INTO `reviews` VALUES ('256', '38', 'Lester Huel', 'Nobis provident et consequatur. Iure nam aut mollitia ut ab qui. Voluptatem deserunt necessitatibus deserunt est nobis dolorum.', '2', '2018-05-11 09:38:49', '2018-05-11 09:38:49');
INSERT INTO `reviews` VALUES ('257', '42', 'Jazmyne Grimes III', 'Magni labore optio non velit suscipit doloremque quisquam. Eligendi voluptate iste dolorem est. Inventore eum voluptatibus similique asperiores non. Ea necessitatibus culpa sint quia non.', '3', '2018-05-11 09:38:49', '2018-05-11 09:38:49');
INSERT INTO `reviews` VALUES ('258', '16', 'Dr. Isobel Gutmann', 'Sed voluptates omnis quibusdam pariatur. Itaque beatae aut ut dignissimos qui tenetur blanditiis. Commodi doloribus illo sint.', '2', '2018-05-11 09:38:49', '2018-05-11 09:38:49');
INSERT INTO `reviews` VALUES ('259', '2', 'Miss Alessandra Hirthe V', 'Ea et sunt repellat quia sapiente ea. Perspiciatis est et libero aut. Odit eius et impedit suscipit iusto quo.', '0', '2018-05-11 09:38:50', '2018-05-11 09:38:50');
INSERT INTO `reviews` VALUES ('260', '3', 'Juvenal Heaney PhD', 'Quas iste voluptatem unde fugit natus voluptatem. Consequatur velit voluptatem molestiae sed dolor adipisci. Sunt et similique iste qui qui illum. Veritatis et ut voluptatem eum modi.', '2', '2018-05-11 09:38:50', '2018-05-11 09:38:50');
INSERT INTO `reviews` VALUES ('261', '40', 'Maureen Gislason', 'Minus quia explicabo animi. Error iste libero neque enim a et. Ut nulla esse magni incidunt quis consequatur aut.', '5', '2018-05-11 09:38:50', '2018-05-11 09:38:50');
INSERT INTO `reviews` VALUES ('262', '47', 'Ms. Vivian Goldner II', 'Doloribus non expedita quis voluptas qui tenetur dolores. Dignissimos fuga pariatur eum voluptate reiciendis cumque. Illum rem et deleniti dolorem exercitationem perspiciatis cupiditate.', '5', '2018-05-11 09:38:50', '2018-05-11 09:38:50');
INSERT INTO `reviews` VALUES ('263', '20', 'Annabelle Schinner', 'Eum quasi dolorum perferendis officia similique est. Quae assumenda corrupti voluptatibus aut repudiandae pariatur quis. Animi asperiores hic sit ut. Quibusdam dignissimos fugiat expedita voluptatem qui excepturi.', '4', '2018-05-11 09:38:50', '2018-05-11 09:38:50');
INSERT INTO `reviews` VALUES ('264', '19', 'Connie Franecki PhD', 'Ducimus saepe aperiam fugiat dolor dicta magni. Minus eos expedita ipsa esse totam repudiandae accusantium. Nihil sint est voluptas voluptas. Quidem possimus suscipit architecto.', '2', '2018-05-11 09:38:50', '2018-05-11 09:38:50');
INSERT INTO `reviews` VALUES ('265', '39', 'Ms. Madilyn O\'Kon III', 'Eum perspiciatis voluptatem optio id dolorem fuga rerum. Illum est nesciunt doloribus alias. Et fuga sint officiis inventore sed et ipsam.', '0', '2018-05-11 09:38:50', '2018-05-11 09:38:50');
INSERT INTO `reviews` VALUES ('266', '47', 'Clementine Fahey Sr.', 'Amet nobis tenetur consequatur aliquam aut. Saepe nulla quis voluptas dolore ea sint. Ut consequatur quis consequatur dolorem blanditiis ratione. Voluptatem deleniti molestias eum animi est aspernatur iure.', '3', '2018-05-11 09:38:50', '2018-05-11 09:38:50');
INSERT INTO `reviews` VALUES ('267', '49', 'Juanita Rowe', 'Eum eos rerum maxime in ullam dolorem magni porro. Sunt odio dolores enim eaque. Vel eum qui vero accusantium.', '1', '2018-05-11 09:38:50', '2018-05-11 09:38:50');
INSERT INTO `reviews` VALUES ('268', '49', 'Wendell Lueilwitz', 'Temporibus ex ipsum aut sed ratione totam eaque voluptatum. Est qui doloribus aut totam. Ducimus dignissimos voluptate culpa omnis et voluptatem deleniti. Sapiente alias nemo ipsum ipsum ut quam qui.', '2', '2018-05-11 09:38:50', '2018-05-11 09:38:50');
INSERT INTO `reviews` VALUES ('269', '8', 'Leif Veum', 'Alias saepe exercitationem est soluta tenetur. Ea eius aperiam voluptas ipsam quaerat tempora. Architecto velit non aperiam fugiat blanditiis. Ea ab id autem odit magni vero possimus.', '5', '2018-05-11 09:38:50', '2018-05-11 09:38:50');
INSERT INTO `reviews` VALUES ('270', '42', 'Susana Harvey', 'Cupiditate quidem ut hic voluptas dolorum doloribus. Praesentium nulla ut totam molestias est. Ab molestiae incidunt velit ut.', '3', '2018-05-11 09:38:50', '2018-05-11 09:38:50');
INSERT INTO `reviews` VALUES ('271', '48', 'Prof. Derrick Borer', 'Nihil in nisi amet consequatur velit. Eos facilis omnis ut aut animi autem dolores. Suscipit officia fugiat ipsam.', '4', '2018-05-11 09:38:50', '2018-05-11 09:38:50');
INSERT INTO `reviews` VALUES ('272', '26', 'Zoey Reynolds', 'Velit sequi aut minima aut. Omnis odio recusandae et quia. Maiores non voluptas aspernatur aliquam magnam necessitatibus.', '3', '2018-05-11 09:38:50', '2018-05-11 09:38:50');
INSERT INTO `reviews` VALUES ('273', '45', 'Therese Rogahn', 'Dignissimos quos doloribus et. Perferendis consequuntur ex ut optio ipsa omnis. Aperiam mollitia fuga eius sit.', '2', '2018-05-11 09:38:50', '2018-05-11 09:38:50');
INSERT INTO `reviews` VALUES ('274', '12', 'Lila Jenkins', 'Ut est ut repellat eius dolorem. Voluptatem incidunt qui sed asperiores minus id distinctio. Ullam voluptas commodi quo ea sit quasi natus. Vel consequatur suscipit praesentium qui impedit sint quia voluptate.', '3', '2018-05-11 09:38:50', '2018-05-11 09:38:50');
INSERT INTO `reviews` VALUES ('275', '40', 'Cara Emard DVM', 'Qui ea voluptatem vel ipsam velit aut ut corporis. Sit sed nihil voluptas. Unde aut laborum optio ex nostrum in. Quas temporibus magni vero sequi qui voluptates qui. Aut consequatur ut impedit dolore ad impedit.', '1', '2018-05-11 09:38:50', '2018-05-11 09:38:50');
INSERT INTO `reviews` VALUES ('276', '8', 'Miss Daniella Schneider V', 'Fugiat doloribus velit ipsum repellendus voluptates. Quia sit dolore quos non omnis magnam voluptas. Aut eos rerum laudantium ipsa et. Aut velit distinctio libero neque earum ipsa consequatur.', '2', '2018-05-11 09:38:50', '2018-05-11 09:38:50');
INSERT INTO `reviews` VALUES ('277', '40', 'Mr. Milford Gibson V', 'Voluptatem eaque libero earum sit. Ullam eos nam architecto minima non dolor consequatur enim.', '3', '2018-05-11 09:38:50', '2018-05-11 09:38:50');
INSERT INTO `reviews` VALUES ('278', '50', 'Tyree O\'Keefe', 'Quos error dolorem consequatur ullam assumenda. Ducimus nemo rerum ut impedit minus sint. Adipisci architecto corporis laudantium sit nihil rem pariatur recusandae.', '2', '2018-05-11 09:38:50', '2018-05-11 09:38:50');
INSERT INTO `reviews` VALUES ('279', '43', 'Carmelo Luettgen', 'Atque ut enim eum excepturi quae magni animi. Dolorum adipisci explicabo quos ut quia ut minus. Necessitatibus rerum repellat minus rem in. Dicta omnis hic velit pariatur.', '3', '2018-05-11 09:38:50', '2018-05-11 09:38:50');
INSERT INTO `reviews` VALUES ('280', '35', 'Rollin Ernser', 'Possimus rem velit error tempora vel amet quasi. Dolores omnis commodi corporis totam rerum dolorum magnam. Dolores voluptate ut quibusdam quis praesentium voluptas nulla. Quia ex eveniet consequatur quia.', '2', '2018-05-11 09:38:50', '2018-05-11 09:38:50');
INSERT INTO `reviews` VALUES ('281', '16', 'Mr. Esteban Hagenes V', 'Praesentium quae nulla ipsa deleniti. Vitae placeat impedit numquam excepturi atque sit. Est et eaque rerum consequatur quia nihil doloribus qui. Autem sed voluptates accusamus voluptas fugiat. Ut nobis quaerat earum praesentium quas rerum natus.', '1', '2018-05-11 09:38:50', '2018-05-11 09:38:50');
INSERT INTO `reviews` VALUES ('282', '21', 'Malinda Considine', 'Quisquam dicta quidem ea consequatur consequatur non modi. Officia iure fuga libero et in. Est saepe et tenetur earum minus amet praesentium soluta.', '4', '2018-05-11 09:38:50', '2018-05-11 09:38:50');
INSERT INTO `reviews` VALUES ('283', '6', 'Prof. Hank Durgan DDS', 'Vitae culpa aliquid eaque id. Dolores placeat sit laboriosam inventore nam. Reprehenderit repellat eius mollitia rerum totam ipsum. Neque corrupti quia quam maxime vel.', '0', '2018-05-11 09:38:50', '2018-05-11 09:38:50');
INSERT INTO `reviews` VALUES ('284', '12', 'Edd Hackett', 'Accusantium nihil illum nobis at sit et qui. Quibusdam et numquam id ipsum eligendi nobis.', '0', '2018-05-11 09:38:50', '2018-05-11 09:38:50');
INSERT INTO `reviews` VALUES ('285', '23', 'Annamarie Bernier', 'Dolorem et ut cum est tempora rerum. Velit praesentium itaque non molestiae in nemo vel et. Quis qui minima esse sint dolorum sit.', '5', '2018-05-11 09:38:50', '2018-05-11 09:38:50');
INSERT INTO `reviews` VALUES ('286', '27', 'Garnett Sipes', 'Ut repellendus officia velit in numquam iste id. Suscipit non sed vel qui rerum.', '5', '2018-05-11 09:38:50', '2018-05-11 09:38:50');
INSERT INTO `reviews` VALUES ('287', '13', 'Andy Reichert', 'Veniam quidem quidem neque aperiam sit inventore sint. Consectetur vitae dolores nostrum inventore et. Qui quam in illum ex fugiat deserunt placeat sint.', '1', '2018-05-11 09:38:50', '2018-05-11 09:38:50');
INSERT INTO `reviews` VALUES ('288', '47', 'Braden Blanda', 'Suscipit alias sequi explicabo sit saepe. Dolorum recusandae molestiae fugiat perferendis nisi. Deserunt non fugit omnis ea et. Enim et porro sequi voluptate vel sit nihil.', '5', '2018-05-11 09:38:50', '2018-05-11 09:38:50');
INSERT INTO `reviews` VALUES ('289', '4', 'Thomas Pouros', 'Aut occaecati perferendis sint neque dolores. Eveniet et a provident ea. Et iure laudantium praesentium minus. Dolorum consectetur dicta occaecati officia.', '3', '2018-05-11 09:38:50', '2018-05-11 09:38:50');
INSERT INTO `reviews` VALUES ('290', '22', 'Effie Cormier', 'Voluptatem cumque voluptatibus provident asperiores beatae. Molestiae sed et accusamus omnis omnis ex ut. Saepe voluptatem at itaque ipsam assumenda ipsum est. A rem harum animi similique.', '3', '2018-05-11 09:38:50', '2018-05-11 09:38:50');
INSERT INTO `reviews` VALUES ('291', '50', 'Lindsey Hane', 'Cumque in neque distinctio sapiente. Provident deserunt cupiditate quae laudantium esse ut cum earum.', '1', '2018-05-11 09:38:50', '2018-05-11 09:38:50');
INSERT INTO `reviews` VALUES ('292', '18', 'Augustus Bruen', 'Excepturi magnam voluptas nihil voluptate. Veniam voluptate iusto voluptate nulla nesciunt incidunt id. Quae libero quo maiores omnis officia ratione et.', '3', '2018-05-11 09:38:50', '2018-05-11 09:38:50');
INSERT INTO `reviews` VALUES ('293', '27', 'Ms. Jazmyne Bosco Jr.', 'Distinctio corrupti dicta mollitia aperiam placeat corrupti. Quas ut culpa est illum. Laudantium vel ratione ipsum culpa.', '4', '2018-05-11 09:38:50', '2018-05-11 09:38:50');
INSERT INTO `reviews` VALUES ('294', '42', 'Sanford Wehner V', 'Sunt aut atque rerum officiis veniam asperiores est praesentium. Tempore ex quia maxime eos. Quae magni exercitationem vel aspernatur dolor tenetur id.', '3', '2018-05-11 09:38:50', '2018-05-11 09:38:50');
INSERT INTO `reviews` VALUES ('295', '22', 'Chet Schimmel', 'Error enim sed maxime recusandae adipisci dicta nobis. Maxime sed dolor ab magnam quo cumque aut. Asperiores quis perspiciatis asperiores non aut voluptates voluptate. Accusamus voluptas debitis aliquid quod beatae et. Quis officiis id quia sit vero ducimus aut.', '5', '2018-05-11 09:38:51', '2018-05-11 09:38:51');
INSERT INTO `reviews` VALUES ('296', '8', 'Serena Crooks', 'Itaque perspiciatis aut rerum. Quo similique a animi nulla quia. Vero sint ut molestias labore et eum quam. Dolorum velit repellendus pariatur.', '3', '2018-05-11 09:38:51', '2018-05-11 09:38:51');
INSERT INTO `reviews` VALUES ('297', '7', 'Elvera Kreiger', 'Quod deserunt dicta sint quo voluptatem et. Omnis iusto qui vel est est vel ea. Aut voluptas quia quia voluptas possimus et molestias. Alias atque sunt fugit adipisci.', '5', '2018-05-11 09:38:51', '2018-05-11 09:38:51');
INSERT INTO `reviews` VALUES ('298', '21', 'Joy Bergstrom', 'Cumque deserunt qui facere ratione consequuntur est. Perferendis qui voluptatem dolorem delectus nihil illum. Quo consequatur dolorem est ex cumque. Veniam fugiat eaque voluptas quia excepturi ipsa. Quia quia vel sit accusantium quis eius.', '5', '2018-05-11 09:38:51', '2018-05-11 09:38:51');
INSERT INTO `reviews` VALUES ('299', '43', 'Dr. Libby Erdman', 'In est repellendus modi cumque accusantium placeat. Sed non non ut. Dolorum sint quae doloremque dolores hic provident et. Possimus nostrum beatae magni et quis.', '4', '2018-05-11 09:38:51', '2018-05-11 09:38:51');
INSERT INTO `reviews` VALUES ('300', '45', 'Andy Kiehn', 'Illo dolore illum quia veniam eos. Corporis ducimus eum nisi voluptatum odio eligendi esse. Voluptas dignissimos voluptas quia alias dolores. Eius quia tempore sit commodi veritatis.', '3', '2018-05-11 09:38:51', '2018-05-11 09:38:51');

-- ----------------------------
-- Table structure for users
-- ----------------------------
DROP TABLE IF EXISTS `users`;
CREATE TABLE `users` (
  `id` int(10) unsigned NOT NULL AUTO_INCREMENT,
  `name` varchar(191) COLLATE utf8mb4_unicode_ci NOT NULL,
  `email` varchar(191) COLLATE utf8mb4_unicode_ci NOT NULL,
  `password` varchar(191) COLLATE utf8mb4_unicode_ci NOT NULL,
  `remember_token` varchar(100) COLLATE utf8mb4_unicode_ci DEFAULT NULL,
  `created_at` timestamp NULL DEFAULT NULL,
  `updated_at` timestamp NULL DEFAULT NULL,
  PRIMARY KEY (`id`),
  UNIQUE KEY `users_email_unique` (`email`)
) ENGINE=InnoDB DEFAULT CHARSET=utf8mb4 COLLATE=utf8mb4_unicode_ci;

-- ----------------------------
-- Records of users
-- ----------------------------
